Repository name,Commit URL,Keyword
freeCodeCamp/freeCodeCamp,https://github.com/freeCodeCamp/freeCodeCamp/commit/4d529253cf01c0e3c2953eb022eef907c2b7edec,flaky
freeCodeCamp/freeCodeCamp,https://github.com/freeCodeCamp/freeCodeCamp/commit/827bcfaaa2c71f12bc52a4c660e7213c2c426caf,flaky
freeCodeCamp/freeCodeCamp,https://github.com/freeCodeCamp/freeCodeCamp/commit/71faba15da2c5bd675e40751a17cc7c2a06681b5,flaky
freeCodeCamp/freeCodeCamp,https://github.com/freeCodeCamp/freeCodeCamp/commit/d0a40dc2026a68ef6540adfe908393b1edd09553,intermittent
vuejs/vue,https://github.com/vuejs/vue/commit/bff55e609ee7a37d0a2df0c9cbfcf13fad897d14,intermittent
vuejs/vue,https://github.com/vuejs/vue/commit/4be4b897a7d7dfe2bc939ae1d133d21fa1e0ee86,intermittent
facebook/react,https://github.com/facebook/react/commit/00e38c80b28fd9b5e99b890d85e080edc2fcc49f,flaky
facebook/react,https://github.com/facebook/react/commit/0960b7ba580b620202f7d245bb696aca71c63e37,flaky
facebook/react,https://github.com/facebook/react/commit/69e732ac9d32ecb7251834af4209d46fff5d5102,flaky
facebook/react,https://github.com/facebook/react/commit/634e41788aa38c54cc5715a840cfa5590c3f77a6,flaky
facebook/react,https://github.com/facebook/react/commit/fc572832b10792ce3aca764648e6f49d29dabadb,flaky
facebook/react,https://github.com/facebook/react/commit/6c66d38d2549d14a3775a6a0687be6375967d009,flaky
facebook/react,https://github.com/facebook/react/commit/47ae8654281874b7e30859876bc05d984d3b8d68,flaky
facebook/react,https://github.com/facebook/react/commit/48740429b4a74e984193e4e2d364d461e4fdc3be,fragile
facebook/react,https://github.com/facebook/react/commit/bae6100ae8528fcbc7e6085e4c1d6759824fcb36,fragile
facebook/react,https://github.com/facebook/react/commit/3938ccc88aa3dcc5a4460474bda40af97dd6e234,fragile
facebook/react,https://github.com/facebook/react/commit/8de68c56f9fe9b9533d604853783be3e65a312fa,fragile
facebook/react,https://github.com/facebook/react/commit/a7dabcb60afa1ec4de29501f0b298565af47f9e3,fragile
facebook/react,https://github.com/facebook/react/commit/ab4951fc03750a726e412b90126e0737fbd04014,fragile
facebook/react,https://github.com/facebook/react/commit/2702281a130e8118b70fcd37f71d22b49f5fd837,fragile
facebook/react,https://github.com/facebook/react/commit/00748c53e183952696157088a858352cc77b0010,fragile
facebook/react,https://github.com/facebook/react/commit/97cd8e179aea9a12e343af6864e0e5994e40a8fc,fragile
facebook/react,https://github.com/facebook/react/commit/6a41ede2d426cea1cb29103305362383f4d10f4d,fragile
facebook/react,https://github.com/facebook/react/commit/1f74eca9937ad6f19b6291d21edfb8747bae88ca,fragile
facebook/react,https://github.com/facebook/react/commit/fe9a76ef25bd0cd274598572d5cb0a952edd00da,brittle
facebook/react,https://github.com/facebook/react/commit/24f824250fde6418569222f6e33b35ba9c1f1f46,brittle
facebook/react,https://github.com/facebook/react/commit/d289d4b634749861199556e42174a3f4a3ce2b16,brittle
facebook/react,https://github.com/facebook/react/commit/c3310d3e326d241ec42e3db34586ce3d01cf554c,non-deterministic test
twbs/bootstrap,https://github.com/twbs/bootstrap/commit/3b2418e6885d31d9cd1eab33b4cb952e876f8cf7,flaky
twbs/bootstrap,https://github.com/twbs/bootstrap/commit/8900d953ed8b7d2416c2c31667790d83853a0a06,flaky
twbs/bootstrap,https://github.com/twbs/bootstrap/commit/ff18f380d50ef5c0a0e948804a2e2f1e7c3d616c,flaky
twbs/bootstrap,https://github.com/twbs/bootstrap/commit/bd8ef99028de09363df72cf25887abe73f7ac346,flaky
twbs/bootstrap,https://github.com/twbs/bootstrap/commit/8f7170abd04a356654d92700d30c006d70bc7778,flaky
electron/electron,https://github.com/electron/electron/commit/8d0e7aed9fb4e5f6b3a5c04ab495c1b0890e19b1,flaky
electron/electron,https://github.com/electron/electron/commit/43d27cc4d1e49ff7919061239e1d9774d1672323,flaky
electron/electron,https://github.com/electron/electron/commit/edfbeb92bf743b74f93d3fdd1f38b87a33657df1,flaky
electron/electron,https://github.com/electron/electron/commit/399216580de88e48f29c56b633b1a380d5ea2203,flaky
electron/electron,https://github.com/electron/electron/commit/4ce7ca6cfb287b2d260a9e873cfcd4fc975fa15c,flaky
electron/electron,https://github.com/electron/electron/commit/cd455c8b40395bf2bb341437f334a0f25e55705a,flaky
electron/electron,https://github.com/electron/electron/commit/5185501b85e5b3f4b567c0aea67548c8fc9eb3f8,flaky
electron/electron,https://github.com/electron/electron/commit/49262b604db03bfafa1806215cb221517ba04994,flaky
electron/electron,https://github.com/electron/electron/commit/8a92b65fd373d55bbca4f51308a7a247be7476a0,flaky
electron/electron,https://github.com/electron/electron/commit/145dd33da16525d4b8c60e847e0bb261d58fde6a,flaky
electron/electron,https://github.com/electron/electron/commit/ad6fb2048621f5274772655819d8add7609023c7,flaky
electron/electron,https://github.com/electron/electron/commit/616856552f1a2098d010419f9391ce923460ffc1,flaky
electron/electron,https://github.com/electron/electron/commit/a46e459595711334bcc0a2360655bbf0c04afc59,flaky
electron/electron,https://github.com/electron/electron/commit/9a7276dffc7bf87104408f74ecae3b34bf6d769d,flaky
electron/electron,https://github.com/electron/electron/commit/c2d78deeca3a9ea2034e97b688c51cdabfd86cb2,flaky
electron/electron,https://github.com/electron/electron/commit/cb4b3e7be02554baaf8560b23b6305d641556829,flaky
electron/electron,https://github.com/electron/electron/commit/ca218b63958891e79c6aad28d559801e47dc53a5,flaky
electron/electron,https://github.com/electron/electron/commit/828e3173609b7386a4c2cb07a666fd748b456e18,flaky
electron/electron,https://github.com/electron/electron/commit/1152fecb75c372d957b09cf57caa8b5e23bdeddc,flaky
electron/electron,https://github.com/electron/electron/commit/753fb31c54eb56207356098dbb7d2c79f5c20731,flaky
electron/electron,https://github.com/electron/electron/commit/e6e621515f1ad7e7c0c9e241611ab875d5378360,flaky
electron/electron,https://github.com/electron/electron/commit/f7e3e1f97a204f8e734536b5a2380b7e57dab472,flaky
electron/electron,https://github.com/electron/electron/commit/30109d64f255605a70b42db002c5cd03eba469aa,flaky
electron/electron,https://github.com/electron/electron/commit/e00b128a50eb933d917f125000f3f6faac3ae2b1,flaky
electron/electron,https://github.com/electron/electron/commit/dcbc10ac3810cb2b4b88cd583b783666aad03ccc,flaky
electron/electron,https://github.com/electron/electron/commit/925fb27b1e59f9c769eee04cd75f4e94f014f132,flaky
electron/electron,https://github.com/electron/electron/commit/9249228ac3ce772c2fcd98a379cef78bece9f2d8,flaky
electron/electron,https://github.com/electron/electron/commit/ec541b2a18293da801290dbc996be1d81f58219c,flaky
electron/electron,https://github.com/electron/electron/commit/9a4783bf34ba07a3f181418eb7c3766aad3bb190,flaky
electron/electron,https://github.com/electron/electron/commit/f0f17fffd8f3898ca91967316978fd092195873b,flaky
electron/electron,https://github.com/electron/electron/commit/2a5d40617a72114b1976b1771d572943b5f6649b,flaky
electron/electron,https://github.com/electron/electron/commit/99e3de56dfccff28874459fb18ab8d091d470c25,flaky
electron/electron,https://github.com/electron/electron/commit/42a21262735bd0644d5fb0e324131a590fba4798,flaky
electron/electron,https://github.com/electron/electron/commit/7c1ea0b0f46334c31c59928731efb776bdbc7cc2,flaky
electron/electron,https://github.com/electron/electron/commit/9ce3a8c3a77e9fa0898ad61e15a6fa7ba4c748e7,flaky
electron/electron,https://github.com/electron/electron/commit/5a81cfbbc6f3fad20ed84593b25ac4b67ecfe6e8,flaky
electron/electron,https://github.com/electron/electron/commit/72a089262e31054eabd342294ccdc4c414425c99,flaky
electron/electron,https://github.com/electron/electron/commit/256c2684ee13cea01b064dae3b3d8aeb80a2d4dc,flaky
electron/electron,https://github.com/electron/electron/commit/7f02e0a716e55cafb082046578a33183ffc068c7,flaky
electron/electron,https://github.com/electron/electron/commit/13c737823bee91f7f486f7d341b3d5712f6d5733,flaky
electron/electron,https://github.com/electron/electron/commit/48975d04e0e9673d9851f4a050f464a7108520ed,flaky
electron/electron,https://github.com/electron/electron/commit/4841e375024311425294a52c080d8bd832b2af8d,flaky
electron/electron,https://github.com/electron/electron/commit/36ee83875a6afbd23cd632c2fdc9b7ef4a8fbec6,flaky
electron/electron,https://github.com/electron/electron/commit/cc6bcb6c81a3a7bf602574fa937ba4a0efeddc2a,flaky
electron/electron,https://github.com/electron/electron/commit/18362eb948ef91e002e286a835663fd6a3977048,brittle
electron/electron,https://github.com/electron/electron/commit/9106d0c6d51b5d3748464bbcbaa492ba16266293,intermittent
electron/electron,https://github.com/electron/electron/commit/bd03ae53f20decceb14899b8a511bfc54ffc253d,intermittent
electron/electron,https://github.com/electron/electron/commit/ce1a5e3c9c5d231233035fc1b5836656d64de56c,non-deterministic test
nodejs/node,https://github.com/nodejs/node/commit/d75543d8b5ab00c1757c1aafeb4424055a333dfc,flaky
nodejs/node,https://github.com/nodejs/node/commit/18e4f405b14b26f971d5f108b92224e7c1fe34c9,flaky
nodejs/node,https://github.com/nodejs/node/commit/c7ccab31e598e5457052780b0362ece550f4bf66,flaky
nodejs/node,https://github.com/nodejs/node/commit/8283373674baab4a55f45ba212d6e8e308ab5a65,flaky
nodejs/node,https://github.com/nodejs/node/commit/f96dffb7aef50aa46531577ec24eb19474207d96,flaky
nodejs/node,https://github.com/nodejs/node/commit/4f387c25cb60ad556fce058546a52f905c3e9d51,flaky
nodejs/node,https://github.com/nodejs/node/commit/cfb2e0683972e0b0f09f431483e2672640da0b0f,flaky
nodejs/node,https://github.com/nodejs/node/commit/978bbf987c688d265a4b23b916d8647dea4d4c41,flaky
nodejs/node,https://github.com/nodejs/node/commit/8b05e32519109e84911f6c0549b4712416c89cc3,flaky
nodejs/node,https://github.com/nodejs/node/commit/433afd9e3969481917237f340cf7900269c4acf0,flaky
nodejs/node,https://github.com/nodejs/node/commit/4fde7dc5802df04851de6e498487b31d64625e29,flaky
nodejs/node,https://github.com/nodejs/node/commit/ecc584251e162ae539858a8639d77aa25b041068,flaky
nodejs/node,https://github.com/nodejs/node/commit/341812b907258bf02b079447cb215611f207735b,flaky
nodejs/node,https://github.com/nodejs/node/commit/c704faa0f9df3237ac27c2b69919a029108f58a3,flaky
nodejs/node,https://github.com/nodejs/node/commit/e44855d3173b791682d00a2ac001dd79ebabc95f,flaky
nodejs/node,https://github.com/nodejs/node/commit/f178c5a134bc625f28e0b28a5f3a2272fbbc2ba0,flaky
nodejs/node,https://github.com/nodejs/node/commit/8ba65b550f21adac9b3de9f595907baf0f213fdb,flaky
nodejs/node,https://github.com/nodejs/node/commit/04fb597996455d0abbe7b12bbc2d2a5ce16fbb3d,flaky
nodejs/node,https://github.com/nodejs/node/commit/4411a99dcd95f6aab5ae1b41b4d2d201360f3484,flaky
nodejs/node,https://github.com/nodejs/node/commit/41516b9c45b715bacd71769d0918ab07c6d2de1a,flaky
nodejs/node,https://github.com/nodejs/node/commit/4f44cadc54a6f858a31543bf61d2be96e974ee48,flaky
nodejs/node,https://github.com/nodejs/node/commit/7c808170f5bf27b2d4a83ae5934b5e231bb5c1bc,flaky
nodejs/node,https://github.com/nodejs/node/commit/d1e4d34afa1667e752795aeb5ca95700f5d9fd78,flaky
nodejs/node,https://github.com/nodejs/node/commit/fb33b673f1809aa51e5edda76ba6f29377b55893,flaky
nodejs/node,https://github.com/nodejs/node/commit/772fdb0cd3163ad9299cdb1168b10059abe6ee71,flaky
nodejs/node,https://github.com/nodejs/node/commit/b0b52b2023f5cd0df4ae921850815586b4313dca,flaky
nodejs/node,https://github.com/nodejs/node/commit/9b23777442f9af01b25b8752e3d1767036b62f14,flaky
nodejs/node,https://github.com/nodejs/node/commit/9949a2e1e3100c4ff1f228bac57c1af95cdc3e9d,flaky
nodejs/node,https://github.com/nodejs/node/commit/e14786f69f8a7564ea568dee5ae25a7b35522e59,flaky
nodejs/node,https://github.com/nodejs/node/commit/5716130d1edcecb7ff1faf2669f33b29a89c4a6b,flaky
nodejs/node,https://github.com/nodejs/node/commit/99f7c4bb5e3e0a9bbde5c62e267cce5a1e8292d7,flaky
nodejs/node,https://github.com/nodejs/node/commit/1e8625c622d4f3463fa0138e9912615b162ec296,flaky
nodejs/node,https://github.com/nodejs/node/commit/42b5f5f1bdf8d5168f9200d6f49477915a7713e5,flaky
nodejs/node,https://github.com/nodejs/node/commit/8d8090b9bb3ee657e20f0cb00fdc1c120a58537c,flaky
nodejs/node,https://github.com/nodejs/node/commit/9528f953360c34a75b3a89839e71884908c2fe6e,flaky
nodejs/node,https://github.com/nodejs/node/commit/9d82c5501c20bc5346df473563815e95e239c5c6,flaky
nodejs/node,https://github.com/nodejs/node/commit/70e2cd7860e5046203362d36da230ae5d54fe109,flaky
nodejs/node,https://github.com/nodejs/node/commit/e00e77e857593caeda8fb04af14baf02faae543a,flaky
nodejs/node,https://github.com/nodejs/node/commit/4195c31ecbb83f07d5a8bda579f13e139aface1a,flaky
nodejs/node,https://github.com/nodejs/node/commit/9b8d317d9916dd44b2b3678df05f9daf6eb14c90,flaky
nodejs/node,https://github.com/nodejs/node/commit/f675e3a365143cd695c6208524775838dec58bac,flaky
nodejs/node,https://github.com/nodejs/node/commit/a45a40419719ff443b80ea32175486c4f78fd628,flaky
nodejs/node,https://github.com/nodejs/node/commit/ea5eb8fc9cf137350862a046cc4f05c2f29300db,flaky
nodejs/node,https://github.com/nodejs/node/commit/135dd8876ee8a80c17d171cb2b13868359572eaf,flaky
nodejs/node,https://github.com/nodejs/node/commit/b0b268f5a247e2e6aabd63cab60cef291665201b,flaky
nodejs/node,https://github.com/nodejs/node/commit/fb437c49cf52a1519f5f079afce6214bae61dacb,flaky
nodejs/node,https://github.com/nodejs/node/commit/7893c70970adfbefb1684c48d42aff7385a2afb8,flaky
nodejs/node,https://github.com/nodejs/node/commit/3f5142daa82e91af05fa006116ea69ca888f6bc0,flaky
nodejs/node,https://github.com/nodejs/node/commit/afae925fe9465162e6b47143a43883be7b5f6d89,flaky
nodejs/node,https://github.com/nodejs/node/commit/a12aedf41be793ae1821456eee40080d8121c0d9,flaky
nodejs/node,https://github.com/nodejs/node/commit/b1704e43475d0af2019c1cb1da1cd610473168d6,flaky
nodejs/node,https://github.com/nodejs/node/commit/090ad7d4a1c32ed6fcd861ce215b1205afe4146c,flaky
nodejs/node,https://github.com/nodejs/node/commit/a7cf8da63179ea7cb84cb5f62248f72b44d5d049,flaky
nodejs/node,https://github.com/nodejs/node/commit/f25153333533e8d328374df658786239c4d4aff3,flaky
nodejs/node,https://github.com/nodejs/node/commit/41ac1921920b736f812cc03f6df98ff169d32c07,flaky
nodejs/node,https://github.com/nodejs/node/commit/fb74e98243e3fabd5fa45587cf1c68948673662e,flaky
nodejs/node,https://github.com/nodejs/node/commit/22192fc0a9385b3e8a72909243cf8a55cf263917,flaky
nodejs/node,https://github.com/nodejs/node/commit/cdac18519fd14df9ece958cf8e29b846f512656e,flaky
nodejs/node,https://github.com/nodejs/node/commit/9a1c19bb28c7aca25a6554f3c28f06ca5017873f,flaky
nodejs/node,https://github.com/nodejs/node/commit/acfb78b5319bf44cdf368e3b2b9d7caca75d0dd6,flaky
nodejs/node,https://github.com/nodejs/node/commit/7df429808ca336b6aa868a9ae1ceb6117c68e7c4,flaky
nodejs/node,https://github.com/nodejs/node/commit/0bb70b0a02c2e6d5e6de61f9f9619f379b09a92e,flaky
nodejs/node,https://github.com/nodejs/node/commit/3203febbb2c8f478e9895400b4a39bf947b82d04,flaky
nodejs/node,https://github.com/nodejs/node/commit/0674cbaceb81ba1130355aa7eb8e6389824e3cc4,flaky
nodejs/node,https://github.com/nodejs/node/commit/a51436cbea0d216f260453321a15fdce72ee28d3,flaky
nodejs/node,https://github.com/nodejs/node/commit/d3a8a23089af06bb047bf9bad7531fbfc70f6314,flaky
nodejs/node,https://github.com/nodejs/node/commit/56354d480dade220e959f8990b69dab633066bb5,flaky
nodejs/node,https://github.com/nodejs/node/commit/24a4f76709bd9edc8d86e9f3fb4d5e3c7d4c3d69,flaky
nodejs/node,https://github.com/nodejs/node/commit/8e956f450ad0ebd2b06235620eaaa00ead3af375,flaky
nodejs/node,https://github.com/nodejs/node/commit/33880d79dd2ed9f7d5c437e2bba802d298e24b62,flaky
nodejs/node,https://github.com/nodejs/node/commit/a2cfb7dd8664c73385758c98966823fb80144d2c,flaky
nodejs/node,https://github.com/nodejs/node/commit/d4e00ec0aefd8d83ca48e75082c0f3ec2b260ba9,flaky
nodejs/node,https://github.com/nodejs/node/commit/62e8cc5e61a36ebe1bd913983a452961aa1c9946,flaky
nodejs/node,https://github.com/nodejs/node/commit/f2c573cf8bedea85ab4505c839b2332517e4b0b9,flaky
nodejs/node,https://github.com/nodejs/node/commit/dbe881b64ce74f437ace5c6a884dfac5df597df2,flaky
nodejs/node,https://github.com/nodejs/node/commit/e008ca8b93af0eb5e360ee1244680c914a795344,flaky
nodejs/node,https://github.com/nodejs/node/commit/8ac771b8093f26ede5426a10ca243eed0d2af2ef,flaky
nodejs/node,https://github.com/nodejs/node/commit/c46b99e2542bd8facd895e3c553e910e88b6ff55,flaky
nodejs/node,https://github.com/nodejs/node/commit/095a6027b3df8004a0033d1fb0f654673e1a3d59,flaky
nodejs/node,https://github.com/nodejs/node/commit/30bbeb76808e320498187f2b10d24ea4fa8aed12,flaky
nodejs/node,https://github.com/nodejs/node/commit/750adddd15156882a7752108f10697e68fc1602e,flaky
nodejs/node,https://github.com/nodejs/node/commit/727b8204fa3fc3c192a4efa33ae9795e3add24f5,flaky
nodejs/node,https://github.com/nodejs/node/commit/6f55c5327ebb0ff169a73c698168a7fb4cd604bc,flaky
nodejs/node,https://github.com/nodejs/node/commit/9e6c2ba68a46ee693cf0b4875966f96a6dc261cf,flaky
nodejs/node,https://github.com/nodejs/node/commit/7f87b82fc405261de0308efad380b82ed68f46f6,flaky
nodejs/node,https://github.com/nodejs/node/commit/df3a2b2cf21274fe7afc19d14ec0259b964e13f7,flaky
nodejs/node,https://github.com/nodejs/node/commit/b7d87e31f5add8e7bc93f6bcb32f01bc947206c4,flaky
nodejs/node,https://github.com/nodejs/node/commit/15146e6f3743e3df5cff8fd04677fe38efc91c94,flaky
nodejs/node,https://github.com/nodejs/node/commit/9da57a86ee7d9cb7b27ab8fa9ee241dc047bbd0e,flaky
nodejs/node,https://github.com/nodejs/node/commit/5100e84f4baaecb1c5c1e861d09f9091dc666d20,flaky
nodejs/node,https://github.com/nodejs/node/commit/3ae6f5e1169f423e71036d1bbd62f2c26b136914,flaky
nodejs/node,https://github.com/nodejs/node/commit/06deb94714ddb5e18a803c517e9272a8fe657995,flaky
nodejs/node,https://github.com/nodejs/node/commit/2b1dd6ce3e8c4412c9d38b5ab5944409d4b5ee6f,flaky
nodejs/node,https://github.com/nodejs/node/commit/921909961b06835d78c151efbccbc8f0a5784c61,flaky
nodejs/node,https://github.com/nodejs/node/commit/8708c7abe59cbcaacc1d59cbc268f2a1d3ba3061,flaky
nodejs/node,https://github.com/nodejs/node/commit/8254e389f53703f33951c56e5e0ec11a2d51f661,flaky
nodejs/node,https://github.com/nodejs/node/commit/6195b46ed84d9090d1550884a72edeabb62f189b,flaky
nodejs/node,https://github.com/nodejs/node/commit/074a5c79d42e0f29b8fd3b60ab21c52771a19078,flaky
nodejs/node,https://github.com/nodejs/node/commit/f621536d8160d3305e8b384e779ed91716c77921,flaky
nodejs/node,https://github.com/nodejs/node/commit/330ea769efe83d4a117c86f482998a9613d51230,flaky
nodejs/node,https://github.com/nodejs/node/commit/d097311a1b4b279b992b8aa4278013834964e9ed,flaky
nodejs/node,https://github.com/nodejs/node/commit/6d6bc5d9d8b7e84d1cfc0689deed80b196fa7380,flaky
nodejs/node,https://github.com/nodejs/node/commit/3663ac27c14b6ce1fd409eda24a9d45a51901e8a,flaky
nodejs/node,https://github.com/nodejs/node/commit/6963a93d0ec7b0020f243f2d49eba889a869cbed,flaky
nodejs/node,https://github.com/nodejs/node/commit/b48581349936dc27f0dc46b992563fe1cf9fae4c,flaky
nodejs/node,https://github.com/nodejs/node/commit/45d78393a9956ec813fc4a522e0f157093175456,flaky
nodejs/node,https://github.com/nodejs/node/commit/6a24014ee5050c81b5e86ea6f0107494e126a027,flaky
nodejs/node,https://github.com/nodejs/node/commit/8a5c7f6abdfb4a8b09bd1de85c6e9819df66ca48,flaky
nodejs/node,https://github.com/nodejs/node/commit/d560d40283c6f4ef5f37a8930e7688239a545edf,flaky
nodejs/node,https://github.com/nodejs/node/commit/b17a70f639c476e5b293992b63d155f63a6a6a7f,flaky
nodejs/node,https://github.com/nodejs/node/commit/65a5f7b65f7662715ccc0eb9a835b2dec3d73ce5,flaky
nodejs/node,https://github.com/nodejs/node/commit/97579068b5e00d46f2e376f3f25cd411ea7c40e0,flaky
nodejs/node,https://github.com/nodejs/node/commit/7a867b8140fa5f5c3211a6b653912748ceee8012,flaky
nodejs/node,https://github.com/nodejs/node/commit/deaddd212c499c7ff88d20034753b5f3f00d5153,flaky
nodejs/node,https://github.com/nodejs/node/commit/9c43e7a10c57b7ca9bb6f9ff44f49c9640196c1a,flaky
nodejs/node,https://github.com/nodejs/node/commit/0649225be47647b63a029ba3b64eadc517b06d05,flaky
nodejs/node,https://github.com/nodejs/node/commit/0279c2f28bedae92a7be3e1c67794e66432cf4b7,flaky
nodejs/node,https://github.com/nodejs/node/commit/f3682102dca1d24959e93de918fbb583f19ee688,flaky
nodejs/node,https://github.com/nodejs/node/commit/351a252db5156521ef50807ab5bc2301836dca9d,flaky
nodejs/node,https://github.com/nodejs/node/commit/7027191288ab10618fd0228dac0353834d475eab,flaky
nodejs/node,https://github.com/nodejs/node/commit/06a43d4dcacc0c39506b8a3a1bb77411add6d9d7,flaky
nodejs/node,https://github.com/nodejs/node/commit/75095d700137e29ad1413972b8f6eed7c3473a65,flaky
nodejs/node,https://github.com/nodejs/node/commit/3144ecd0b2ce6856d403fe37e0a646231b405951,flaky
nodejs/node,https://github.com/nodejs/node/commit/c8caf8d61630d36cc5a84f21527304724623ccba,flaky
nodejs/node,https://github.com/nodejs/node/commit/a96d427e082d38b5ac5f9329260ee18c5f32040c,flaky
nodejs/node,https://github.com/nodejs/node/commit/ac319c354719e02d6b9877f83227ffecabed477d,flaky
nodejs/node,https://github.com/nodejs/node/commit/f6230b9b72e4e25e3177473ea904daf1968470bc,flaky
nodejs/node,https://github.com/nodejs/node/commit/1ce906c16ba09885fb372962a3a56ce64ef06a20,flaky
nodejs/node,https://github.com/nodejs/node/commit/8c41b9a82677522b3bb63890e6bb0f3264690155,flaky
nodejs/node,https://github.com/nodejs/node/commit/da79d30c4a8f5af965dac8427cbf7398ac533220,flaky
nodejs/node,https://github.com/nodejs/node/commit/58bf61524df078ed2563725aa5e982bed51a4853,flaky
nodejs/node,https://github.com/nodejs/node/commit/f4f856b2381d10de48534e0de97df142f3e29994,flaky
nodejs/node,https://github.com/nodejs/node/commit/bbc9807b207b08759b447672fa638c9ec96d4c17,flaky
nodejs/node,https://github.com/nodejs/node/commit/7bc893f0c667528c8f82e79cbff73ac09eafb8a4,flaky
nodejs/node,https://github.com/nodejs/node/commit/627bcf7f275e266d8ec5c42bcedd68c188444ead,flaky
nodejs/node,https://github.com/nodejs/node/commit/8d665c0a8a2542f4d757eb4f0b57e4aa7694dbef,flaky
nodejs/node,https://github.com/nodejs/node/commit/1c5a3f0d091ef34b82f89dce4c87b431cab4c3ee,flaky
nodejs/node,https://github.com/nodejs/node/commit/2da7ff5e969538a19c27e6929d435094347f90a8,flaky
nodejs/node,https://github.com/nodejs/node/commit/3adec437917005650ea9e77fdf1460ee1d2f4a89,flaky
nodejs/node,https://github.com/nodejs/node/commit/d52878137d16d5170c6910ff5a1210156df03160,flaky
nodejs/node,https://github.com/nodejs/node/commit/1ffdee7c8682c8f16e39466268d70d20ff9953e4,flaky
nodejs/node,https://github.com/nodejs/node/commit/988482e2341ba31996c4a44432fd9f4f35b89dbb,flaky
nodejs/node,https://github.com/nodejs/node/commit/7cb70e9eceb5c939b2d7167e0ce08f887e865fb5,flaky
nodejs/node,https://github.com/nodejs/node/commit/47d1e125ac71d065fdea9ba166bc31478a523f47,flaky
nodejs/node,https://github.com/nodejs/node/commit/ac894503261e4f509eec2e10e56ff72764abd5f5,flaky
nodejs/node,https://github.com/nodejs/node/commit/d06efafe6b5885e14441409a21eab810cdae754b,flaky
nodejs/node,https://github.com/nodejs/node/commit/3f52ce35bce7e9df816d6ed884f1194986fa76ed,flaky
nodejs/node,https://github.com/nodejs/node/commit/4107bb463e857eba3ae05f1be7a5afc1050e1555,flaky
nodejs/node,https://github.com/nodejs/node/commit/04ac1c0c0746f8ef188d308728d161157ea72093,flaky
nodejs/node,https://github.com/nodejs/node/commit/4d6b4c30dd7d557d7e7b2bac3bbd5f2c10d56989,flaky
nodejs/node,https://github.com/nodejs/node/commit/bbf46215489b15a79468ba26b233219bb6a3e41f,flaky
nodejs/node,https://github.com/nodejs/node/commit/5fab50bdaf6d82abc8a15bc55685211431ef3b75,flaky
nodejs/node,https://github.com/nodejs/node/commit/2848f84332dc2292fd08df083640ac09e5e571aa,flaky
nodejs/node,https://github.com/nodejs/node/commit/caf9d3c1d040c0bfd99e063770ea4d5e9f961f88,flaky
nodejs/node,https://github.com/nodejs/node/commit/25f8a0d2dc7be14dcdd28c69ed542c8d699a65ce,flaky
nodejs/node,https://github.com/nodejs/node/commit/063c9f68865e1c5049fd4f29a547cad1b6fa7642,flaky
nodejs/node,https://github.com/nodejs/node/commit/68bafb8baf6548f60a3fa5b27e8ff4bb50952d7c,flaky
nodejs/node,https://github.com/nodejs/node/commit/6ea8b0198726c946ab94c5735f2cfad9dae11bed,flaky
nodejs/node,https://github.com/nodejs/node/commit/d09c447ef9a33913d78269329d8a99ea2dffd4c7,flaky
nodejs/node,https://github.com/nodejs/node/commit/361cdb786157efbcde2a5a537b76b627b40ca5b4,flaky
nodejs/node,https://github.com/nodejs/node/commit/6bbb9ebf8d8da927fc71f648af4739f2d574014f,flaky
nodejs/node,https://github.com/nodejs/node/commit/afd512253daf5a2fffce4b17e8241c3607831b68,flaky
nodejs/node,https://github.com/nodejs/node/commit/b3313aa6039dd20034206f755bee88d06022514e,flaky
nodejs/node,https://github.com/nodejs/node/commit/e25f8683f1735f55a27c00d41691be286f50e13f,flaky
nodejs/node,https://github.com/nodejs/node/commit/8f0102564e2110dc6a4a43fa9de29e9ead1e9cac,flaky
nodejs/node,https://github.com/nodejs/node/commit/bcf39019a7393f721b80de8a9116b8d82386d550,flaky
nodejs/node,https://github.com/nodejs/node/commit/87006be62ad6fe952e974b32c42e66079dbb51f7,flaky
nodejs/node,https://github.com/nodejs/node/commit/adf5083647c3bbe2f0873a3bc6d5614a07468a94,flaky
nodejs/node,https://github.com/nodejs/node/commit/d0c240f1bea0de25610c0e92be2c81767d7c819f,flaky
nodejs/node,https://github.com/nodejs/node/commit/242c88b8ae387e542052fed819fd01e8a1cce6a8,flaky
nodejs/node,https://github.com/nodejs/node/commit/34e25b2313cd0b4027cbfb5e626596e4b9cff038,flaky
nodejs/node,https://github.com/nodejs/node/commit/73ebfc2d93c2427acbb3f81be4e3c2b544f08b34,flaky
nodejs/node,https://github.com/nodejs/node/commit/63ab54248b7dbd315d3e196b456073efd248fc89,flaky
nodejs/node,https://github.com/nodejs/node/commit/5aa47bd26bc4beb011d87da35c93170b36381002,flaky
nodejs/node,https://github.com/nodejs/node/commit/4b8ff3a424266e8418cf2b2f2f42c4c0822d4e14,flaky
nodejs/node,https://github.com/nodejs/node/commit/f96ef5574c6cb00f8d3076b93bc5b88bab9543ac,flaky
nodejs/node,https://github.com/nodejs/node/commit/530016829690285e0475d6716eb039ec890031b4,flaky
nodejs/node,https://github.com/nodejs/node/commit/8e3c5b59bf1d4889146241e7d6197425842fd813,flaky
nodejs/node,https://github.com/nodejs/node/commit/b396c4db6679d4cb5a0c4860697b75d779d3b7a7,flaky
nodejs/node,https://github.com/nodejs/node/commit/a51944da0aeae65676a928c9473965c453e0e028,flaky
nodejs/node,https://github.com/nodejs/node/commit/d8e06b23b047b52c96ee01f7afb436aad4610c71,flaky
nodejs/node,https://github.com/nodejs/node/commit/f01e9e7f6961ad1bde488d2780e96f4bea32f9dd,flaky
nodejs/node,https://github.com/nodejs/node/commit/26b8c2127dfbf1610b4f210a2d3ee138ecb187b0,flaky
nodejs/node,https://github.com/nodejs/node/commit/ef6c4c694f901dbd47087bc2f7e3b72ed5d033a3,flaky
nodejs/node,https://github.com/nodejs/node/commit/28dcdb910844a554c1e5a5d8d4028ae3e6a134f5,flaky
nodejs/node,https://github.com/nodejs/node/commit/104681687581f49f1d3d90bf098e33984200d090,flaky
nodejs/node,https://github.com/nodejs/node/commit/bea41bc945dff623961d65e86d5a4cd0d18fffb6,flaky
nodejs/node,https://github.com/nodejs/node/commit/2dec0f98310bcf996550cfbd3398eb983ab93e16,flaky
nodejs/node,https://github.com/nodejs/node/commit/ad1a9dd35a7d0490f2993a4559d2616f8c4f4c7e,flaky
nodejs/node,https://github.com/nodejs/node/commit/c678ecbca0c9d18d6578fa2a65c9a4ab2a569744,flaky
nodejs/node,https://github.com/nodejs/node/commit/974767ec0d6ecb9f6327efb98d787221ce7e3100,flaky
nodejs/node,https://github.com/nodejs/node/commit/64d70563c309a745755bddf8285e9afacf252ff9,flaky
nodejs/node,https://github.com/nodejs/node/commit/d7f60b7e878b0788a36ad0a166c18f13cf3d685f,flaky
nodejs/node,https://github.com/nodejs/node/commit/64d70563c309a745755bddf8285e9afacf252ff9,flaky
nodejs/node,https://github.com/nodejs/node/commit/d7f60b7e878b0788a36ad0a166c18f13cf3d685f,flaky
nodejs/node,https://github.com/nodejs/node/commit/efc31503b39afc27c878abbeca15819ace20a663,flaky
nodejs/node,https://github.com/nodejs/node/commit/34d1b1144e1af8382dad71c28c8d956ebf709801,flaky
nodejs/node,https://github.com/nodejs/node/commit/3579ec4171734fea65e52d385594a35a40bcde8f,flaky
nodejs/node,https://github.com/nodejs/node/commit/1fa67c7fc2ef9fc226545f5de22c51964dbc27e1,flaky
nodejs/node,https://github.com/nodejs/node/commit/2da1af0a9320d613ca0107ed39087e23b9719369,flaky
nodejs/node,https://github.com/nodejs/node/commit/59c8abf8862dfe0df8d19cee0de9597388e43737,flaky
nodejs/node,https://github.com/nodejs/node/commit/b87cb5da44f219dfcd2e2c4757eb5a206ef3b702,flaky
nodejs/node,https://github.com/nodejs/node/commit/8d96300c22b81b5d3cd966185b9b130411b5609f,flaky
nodejs/node,https://github.com/nodejs/node/commit/ea47cc41e6cd96e9598db9c2ed0492c8fe952445,flaky
nodejs/node,https://github.com/nodejs/node/commit/74a703df845c647d054c228390019e1a58a6ab23,flaky
nodejs/node,https://github.com/nodejs/node/commit/f2a089a754046c1bd950cebefd8bdb2960fdce32,flaky
nodejs/node,https://github.com/nodejs/node/commit/54c4139efd6a2063c5c20d5483935cd2ad4946fd,flaky
nodejs/node,https://github.com/nodejs/node/commit/f93a19b428ffb80f1b5bf918744983f9a25bdced,flaky
nodejs/node,https://github.com/nodejs/node/commit/e5170d483bdd768f8d1c98dbd9445659d4c7bc9c,flaky
nodejs/node,https://github.com/nodejs/node/commit/658842280dcbb91576fc0d568c49a9c9e3fb40c2,flaky
nodejs/node,https://github.com/nodejs/node/commit/7cb89f515d6c1ea3f3d86b5df291217a7724a835,flaky
nodejs/node,https://github.com/nodejs/node/commit/3b2633e0bf9f719e9496f59914e2a2ff4aa9a050,flaky
nodejs/node,https://github.com/nodejs/node/commit/b54d4a68e3967f0e106af520ccd95dbc375fbf22,flaky
nodejs/node,https://github.com/nodejs/node/commit/7cfcf8069bb91240d25f83fa5ab5b7af2da49260,flaky
nodejs/node,https://github.com/nodejs/node/commit/9e33e86180b7c1035d13bd201bdeffff0b7e70fd,flaky
nodejs/node,https://github.com/nodejs/node/commit/f1c890afb05274880df0f1ce4084607c03b194bf,flaky
nodejs/node,https://github.com/nodejs/node/commit/a4a2e9f73746e72655f276b2a3638a50e9a9c4d9,flaky
nodejs/node,https://github.com/nodejs/node/commit/33dd4ec645c5753b2009f3580e9373d1dc12647a,flaky
nodejs/node,https://github.com/nodejs/node/commit/02ed21aa5c74313f200fa34c081757fd6fee593e,flaky
nodejs/node,https://github.com/nodejs/node/commit/5a8fcd0d94f654af89d722760c00c03f2bbb972f,flaky
nodejs/node,https://github.com/nodejs/node/commit/4d73fd39489c6c2742cc16107f00dc81c7239706,flaky
nodejs/node,https://github.com/nodejs/node/commit/1f29963eacf587817a6d40da527d05d151668198,flaky
nodejs/node,https://github.com/nodejs/node/commit/1d75987ff0780624dcceae42fdfe182a133cb2d7,flaky
nodejs/node,https://github.com/nodejs/node/commit/5267f29b3445d608e2458087a5724820aa996930,flaky
nodejs/node,https://github.com/nodejs/node/commit/0fb017d684448308bb78d43f2c32e0b15d1c8241,flaky
nodejs/node,https://github.com/nodejs/node/commit/5e3d536ea30528c79ecc4a8b36425f82285e03d1,flaky
nodejs/node,https://github.com/nodejs/node/commit/d362b07e78f69b52e90e026b7bb55065d6ffc484,flaky
nodejs/node,https://github.com/nodejs/node/commit/16f673ebcc5e2638caf580ed6e1c3f9f45b6e9b5,flaky
nodejs/node,https://github.com/nodejs/node/commit/bad670c19dc29b7cdb42432f6d717ec5934aad7e,flaky
nodejs/node,https://github.com/nodejs/node/commit/311e72fc23ebe080080ab24b1be02f960b6a5760,flaky
nodejs/node,https://github.com/nodejs/node/commit/8b2e437fdb47370acfb6149e6454851d5aff56fa,flaky
nodejs/node,https://github.com/nodejs/node/commit/45982de4184e66bb53577b9c07383189f3d83dde,flaky
nodejs/node,https://github.com/nodejs/node/commit/6d5847917c50751608d263e3cd59bc1d66d6e1e9,flaky
nodejs/node,https://github.com/nodejs/node/commit/72ccafdd1084d9dfec8be91daef58e48a6b6368e,flaky
nodejs/node,https://github.com/nodejs/node/commit/c05a330b49944d1430467ff41b8d980cb335e7bf,flaky
nodejs/node,https://github.com/nodejs/node/commit/9ab19afe0b5d6298a4cc17f490d0d13523ecef9c,flaky
nodejs/node,https://github.com/nodejs/node/commit/4a5886cb8a41d2b6d07d7ab76701ae09899c5af7,flaky
nodejs/node,https://github.com/nodejs/node/commit/01d049165c7d3ef9d102c85f0218044cb45f4787,flaky
nodejs/node,https://github.com/nodejs/node/commit/67bfcb78f6d00c8bc2a0fa659ccc187dbcd7f142,flaky
nodejs/node,https://github.com/nodejs/node/commit/b3eb3a19ade16b9a5aeef75399a6a91a07313f49,flaky
nodejs/node,https://github.com/nodejs/node/commit/ba43bce9e2383d445b9e669b34576ec4982d3f0d,flaky
nodejs/node,https://github.com/nodejs/node/commit/2859f9ef927f59965f3fce3ad66af400dcf05267,flaky
nodejs/node,https://github.com/nodejs/node/commit/a36b47b7d3bed94f1a3312cc3c2484856569eb95,flaky
nodejs/node,https://github.com/nodejs/node/commit/7d4b7724ec53cbec08b51033b2406f927d5548eb,flaky
nodejs/node,https://github.com/nodejs/node/commit/a025723e0191e3526bf1e83b066c2f1c78730134,flaky
nodejs/node,https://github.com/nodejs/node/commit/94e36f1f3160fc318114496288aa11b7a4c6dd3a,flaky
nodejs/node,https://github.com/nodejs/node/commit/143b235274945738774eea93a811f624a4fd2121,flaky
nodejs/node,https://github.com/nodejs/node/commit/b88da496ef3ac9bf2a9dab101bb5827d9f41df04,flaky
nodejs/node,https://github.com/nodejs/node/commit/8d043238dee18c7356f28133e1d353048a14c7ee,flaky
nodejs/node,https://github.com/nodejs/node/commit/80c72c6d55452ffd0e7719b869bc54c3861595ab,flaky
nodejs/node,https://github.com/nodejs/node/commit/68a658d82b170eb33bf83faf5def3d89d001fd0a,flaky
nodejs/node,https://github.com/nodejs/node/commit/03afecd36df74ef364df3c974644990ac354aca3,flaky
nodejs/node,https://github.com/nodejs/node/commit/2eb78e6dc324b65cb4492a1e0111e9bc68b77921,flaky
nodejs/node,https://github.com/nodejs/node/commit/c043b82655546e959754c89cda8d7029a051a8a3,flaky
nodejs/node,https://github.com/nodejs/node/commit/9cef0603336e8fe39b11fee9e70dc1786f6cda64,flaky
nodejs/node,https://github.com/nodejs/node/commit/d72c78b19c5422197a44100201e771c0319e354e,flaky
nodejs/node,https://github.com/nodejs/node/commit/0aae34f52e7a6fce0e735dd56fa35ae82892ae3f,flaky
nodejs/node,https://github.com/nodejs/node/commit/c08f0d16e7e4701119e5dac3ac3a859ede3dcc12,flaky
nodejs/node,https://github.com/nodejs/node/commit/eecea2e0e51db58dba00ccf36554c42cb814bae9,flaky
nodejs/node,https://github.com/nodejs/node/commit/09e9e2bd82d5b82747100ab9163ebadba4cb3972,flaky
nodejs/node,https://github.com/nodejs/node/commit/6c0c60c1f15e77f2919fd1b90172ebcca136b5fc,flaky
nodejs/node,https://github.com/nodejs/node/commit/b3e53673b96cacb3d9321c289cd7e3c59ce021b4,flaky
nodejs/node,https://github.com/nodejs/node/commit/4d946589183ac83f63535c59d04d25df6ed24f47,flaky
nodejs/node,https://github.com/nodejs/node/commit/7e5e1c251526a1ee59071f0e312cb2da99454bda,flaky
nodejs/node,https://github.com/nodejs/node/commit/df97126173918ad589c5ceb234204f66d0c5afac,flaky
nodejs/node,https://github.com/nodejs/node/commit/b6148402d461ffb70446ddd4b55051e093ad1aef,flaky
nodejs/node,https://github.com/nodejs/node/commit/7b3446e7bb19b2df45892300a13c5bbf30da244c,flaky
nodejs/node,https://github.com/nodejs/node/commit/3a977fc8c0d13f796c65e05e31bb548217fbc37b,flaky
nodejs/node,https://github.com/nodejs/node/commit/f030d8426aa3241ad180c385f15134548579e7ce,flaky
nodejs/node,https://github.com/nodejs/node/commit/ad652afbe3800ce2064ac05b7c74f2f56e5a89f6,flaky
nodejs/node,https://github.com/nodejs/node/commit/6cfd0b5a32fb7b07307293c531fda65e238b6805,flaky
nodejs/node,https://github.com/nodejs/node/commit/1fe9b535a78a23a9549b544ec4a4f76614f45c5c,flaky
nodejs/node,https://github.com/nodejs/node/commit/4b0b991bf5bbb41e204a7b98f62a8afd00faf855,flaky
nodejs/node,https://github.com/nodejs/node/commit/8a2acd4cc9807510786b4b6f7ad3a947aeb3a14c,flaky
nodejs/node,https://github.com/nodejs/node/commit/033c3b0a4da75bffc9bfc9c456033aa684757179,flaky
nodejs/node,https://github.com/nodejs/node/commit/09b0b1bd484c3bcdfa932c8712680f0bfbc2db02,flaky
nodejs/node,https://github.com/nodejs/node/commit/a681d95a301f9d8f0f937ca7a0e3d58925d6613f,flaky
nodejs/node,https://github.com/nodejs/node/commit/f1d952753496c554523f835e7b539f9d114f966d,flaky
nodejs/node,https://github.com/nodejs/node/commit/6fc8765e4e4b5241fe17c55beaa77e23fa152045,flaky
nodejs/node,https://github.com/nodejs/node/commit/998e174ce18f348096d9dd62ed6b2f1737df2855,flaky
nodejs/node,https://github.com/nodejs/node/commit/ed19a18b72dcf2bd6219f5689564c3d10c71d89a,flaky
nodejs/node,https://github.com/nodejs/node/commit/f31cf569721e64486ac1593479fe73aadebf1883,flaky
nodejs/node,https://github.com/nodejs/node/commit/5b8c62c60d63a0da00da20823ce6fed7039036a7,flaky
nodejs/node,https://github.com/nodejs/node/commit/e37eee2b1e032eaab198cbac33d87f6105d06aa3,flaky
nodejs/node,https://github.com/nodejs/node/commit/0c2edd27e693ef5bb914a25c3257511fe2bb99f6,flaky
nodejs/node,https://github.com/nodejs/node/commit/68c933c01edddbc08acaf41e6ecdd1e1ca057910,flaky
nodejs/node,https://github.com/nodejs/node/commit/879f521c654fffd34360be432a6280936ba94071,flaky
nodejs/node,https://github.com/nodejs/node/commit/b794f581b1475bccfe0606ab0fda49500bd58b6c,flaky
nodejs/node,https://github.com/nodejs/node/commit/81d73fe83e280a36b094980eee85badece94f5ea,flaky
nodejs/node,https://github.com/nodejs/node/commit/66e7dc558705edb0f473c4df902e9e407a2896c4,flaky
nodejs/node,https://github.com/nodejs/node/commit/b8f7f84fc233a5876b1d275fed63775bdbb7932f,flaky
nodejs/node,https://github.com/nodejs/node/commit/793d8719ebcb67e2758ba7fd6c50ff864d552716,flaky
nodejs/node,https://github.com/nodejs/node/commit/348e69c89de658d1ea2b386f4166370214c25e95,flaky
nodejs/node,https://github.com/nodejs/node/commit/4a5c719be50c7998684768b54d06860cb2c1d6fb,flaky
nodejs/node,https://github.com/nodejs/node/commit/9c00f071f0cddad4bbd5ab72f9275c187c11c514,flaky
nodejs/node,https://github.com/nodejs/node/commit/2486273c0e2e688f9dbb2ef6cdaefe89d75451b5,flaky
nodejs/node,https://github.com/nodejs/node/commit/1d8789188fa156d5eb75c155f6c648c2bd96b842,flaky
nodejs/node,https://github.com/nodejs/node/commit/f8f67d253eb80ae213f331a3d7c57171053867fd,flaky
nodejs/node,https://github.com/nodejs/node/commit/686b334836d0bfb1a83b61ba0a674dcd72d58727,flaky
nodejs/node,https://github.com/nodejs/node/commit/3b12a8d6e7a053ba873de5a9b3c1d580ada294ac,flaky
nodejs/node,https://github.com/nodejs/node/commit/8997026d18cfd54a95c4de6dfdd86bef32f337ff,flaky
nodejs/node,https://github.com/nodejs/node/commit/fd76a3d482db94aa06c28f10b1572bb492451a5e,flaky
nodejs/node,https://github.com/nodejs/node/commit/66369d05a2ad29b567c91094f1fb70114bed4de1,flaky
nodejs/node,https://github.com/nodejs/node/commit/7926886bf322ec9c69ec20afa26edfad17a47e08,flaky
nodejs/node,https://github.com/nodejs/node/commit/5a171398f46d3872a413c2e65b27ed773e3e02d8,flaky
nodejs/node,https://github.com/nodejs/node/commit/079acccb563ba5b3888e40f59037dc5fa3ba5bbd,flaky
nodejs/node,https://github.com/nodejs/node/commit/e3bae655839ea7f0019f7e6bd33fe941a5f6be62,flaky
nodejs/node,https://github.com/nodejs/node/commit/64cbe7aa9e5613d1e98fa101034b2a087e8a8398,flaky
nodejs/node,https://github.com/nodejs/node/commit/6d3241d19c89427b79324ce348d7f42dee5b7531,flaky
nodejs/node,https://github.com/nodejs/node/commit/a10e657657de19d2482307676199c8ccd218da28,flaky
nodejs/node,https://github.com/nodejs/node/commit/2d77cba7e7c7192b1553af0ebb28aea1499fd25e,flaky
nodejs/node,https://github.com/nodejs/node/commit/9d654a387a8c4b9a38fefb42aea511c3c55ac34a,flaky
nodejs/node,https://github.com/nodejs/node/commit/f34caa96d1c6374aa44999f41aa538d1171abd0c,flaky
nodejs/node,https://github.com/nodejs/node/commit/03505052a164c5cb71a767e1e4ae4c6caa139c9b,flaky
nodejs/node,https://github.com/nodejs/node/commit/2c926dc6eb60991ca13c75d7d675033e59461d77,flaky
nodejs/node,https://github.com/nodejs/node/commit/89460f1f4d338125946e0c667881becc559e6619,flaky
nodejs/node,https://github.com/nodejs/node/commit/e00a488731ed333c3cd0952acdfe85729b734fa5,flaky
nodejs/node,https://github.com/nodejs/node/commit/57f05951770052de107c4771a47ebee6b6f1b6ef,flaky
nodejs/node,https://github.com/nodejs/node/commit/bf22c71a7ab8417d7cf5c59d9e18e891137abfb8,flaky
nodejs/node,https://github.com/nodejs/node/commit/aba035fb27b14fe561c45540818be6a2bbb9dc9e,flaky
nodejs/node,https://github.com/nodejs/node/commit/a9aa1995433ddc4d65abb473b79d78aba4ebce4b,flaky
nodejs/node,https://github.com/nodejs/node/commit/b73e1b3c5af7675cb1fcf754bc574d803df2332d,flaky
nodejs/node,https://github.com/nodejs/node/commit/c60faf6ba85b6365145fd8215ed572efa9f25fdc,flaky
nodejs/node,https://github.com/nodejs/node/commit/de51717c3eee6849b932547ef41646b49543f238,flaky
nodejs/node,https://github.com/nodejs/node/commit/5778f2b25419cbf416dadef6b1dd675120d77ef6,flaky
nodejs/node,https://github.com/nodejs/node/commit/cee14f52a3bdbd870429de49d8075c24798916c3,flaky
nodejs/node,https://github.com/nodejs/node/commit/c6d29cb81f4b7b39174be5ed14d9408f53528066,flaky
nodejs/node,https://github.com/nodejs/node/commit/86c4655a0fbeeaa29c49d5537e190f6cdedfd4d8,flaky
nodejs/node,https://github.com/nodejs/node/commit/e98bcfa2cb3ea3442c785c9b95d4be0e4e02dcba,flaky
nodejs/node,https://github.com/nodejs/node/commit/d8ba2c0de4681fd22967a9d6d5981f3abe0658a8,flaky
nodejs/node,https://github.com/nodejs/node/commit/6018fa1f5710260ecf4c2b32d05e80cb3337decc,flaky
nodejs/node,https://github.com/nodejs/node/commit/e071894202c49d1dc50c80e05cb667468ce68ac2,flaky
nodejs/node,https://github.com/nodejs/node/commit/30c0062dd2c0d74d7a17d9eaa1e8cfffd5f72a3f,flaky
nodejs/node,https://github.com/nodejs/node/commit/16db4c4d5e79f44e6c974041c40cecb3cd96b78d,flaky
nodejs/node,https://github.com/nodejs/node/commit/fc47e0f8cbbe91abe7b2bf04c78532ce87c64a13,flaky
nodejs/node,https://github.com/nodejs/node/commit/487de196840243bda4b260f8de5aa35b4d48840c,flaky
nodejs/node,https://github.com/nodejs/node/commit/d9734b7cc958c21d3c086ef6b6f3cb6d9d646570,flaky
nodejs/node,https://github.com/nodejs/node/commit/227ca87abb9c3a30e13152426c0efc442d908345,flaky
nodejs/node,https://github.com/nodejs/node/commit/5923dee07ef09c7712c60458de2eafea31ae19c7,flaky
nodejs/node,https://github.com/nodejs/node/commit/43bd47c352a368db6051b1017225abace015d3c9,flaky
nodejs/node,https://github.com/nodejs/node/commit/5d3609dbdd98b3ea3c53a3020305b7567979c888,flaky
nodejs/node,https://github.com/nodejs/node/commit/165767dc7dd0cf4575c2933033dcc3be9b301798,flaky
nodejs/node,https://github.com/nodejs/node/commit/ff05953b8d25d9e6db678b574008de8699005a9e,flaky
nodejs/node,https://github.com/nodejs/node/commit/972a57cb20ae7e9794e61d505ae334cb1e2b45a6,flaky
nodejs/node,https://github.com/nodejs/node/commit/61adb264c0084b44c55d08e3a3e35eb0b31d76bb,flaky
nodejs/node,https://github.com/nodejs/node/commit/a0b3bc56c6483c91d9a0d22bc5c5c679aba405f9,flaky
nodejs/node,https://github.com/nodejs/node/commit/955c1508dab1d7f3e4684e6f6b0bd40218e8c297,flaky
nodejs/node,https://github.com/nodejs/node/commit/20f8e7f17a931e3852f7c58a25db55bd78943697,flaky
nodejs/node,https://github.com/nodejs/node/commit/cfe76f2d6bd77d3c0a73335c9643bcd6e8dd24fc,flaky
nodejs/node,https://github.com/nodejs/node/commit/4d749e105282604f20e49b311a27c960473cfc2f,flaky
nodejs/node,https://github.com/nodejs/node/commit/5269e952a1541598feb17749b516b6ea50385150,flaky
nodejs/node,https://github.com/nodejs/node/commit/4dcdfaf9291a5d6a2ed25b5742151a0de562a4a1,flaky
nodejs/node,https://github.com/nodejs/node/commit/755e07cb738558841880e32795b6f1df4005c5b9,flaky
nodejs/node,https://github.com/nodejs/node/commit/6dd07545ff504c8349a24c936dbf0ecde3c66238,flaky
nodejs/node,https://github.com/nodejs/node/commit/cdeb85efc2cc6ab604830af300a5d0cfa48432fa,flaky
nodejs/node,https://github.com/nodejs/node/commit/2a654e47282c8b2847422f2d4c444180f214ab5c,flaky
nodejs/node,https://github.com/nodejs/node/commit/2d2a2d7c780b71adec00096b7dd836714816ba54,flaky
nodejs/node,https://github.com/nodejs/node/commit/a133b775e3c9a816b999c70aab19de11d0918d1f,flaky
nodejs/node,https://github.com/nodejs/node/commit/ea232bd320c4b15c1d07b2d3bafb565725f1e8f0,flaky
nodejs/node,https://github.com/nodejs/node/commit/be73480eec900604697c43c7664627a286be8ce4,flaky
nodejs/node,https://github.com/nodejs/node/commit/93ac2ea36e4a77211b6ba68240833c902c6e057a,flaky
nodejs/node,https://github.com/nodejs/node/commit/814b8c3cf796efa710ec1874ec4a30f7d50222cb,flaky
nodejs/node,https://github.com/nodejs/node/commit/d64b0a85e606b2c737c27e44bbe16c8eaba85d00,flaky
nodejs/node,https://github.com/nodejs/node/commit/e6d0ced7bbe9f48aa1e4e30be8f88b1db0235a62,flaky
nodejs/node,https://github.com/nodejs/node/commit/b5a75baa5bc879cbd4a2c5885fb75be8605abae3,flaky
nodejs/node,https://github.com/nodejs/node/commit/dffafde7f1b5335bcb50c3c72d55add41ca00924,flaky
nodejs/node,https://github.com/nodejs/node/commit/aa81f995b4bcbdc4bfb40b72e31058d40f5b7f3a,flaky
nodejs/node,https://github.com/nodejs/node/commit/98b721ed26c91ef4f0abca3cb52f3f90744d2759,flaky
nodejs/node,https://github.com/nodejs/node/commit/987e9e3d64511e5f97e2285ea329daf781dc9958,flaky
nodejs/node,https://github.com/nodejs/node/commit/6e3bccbc03ffbdf0420f4802b5d992bc27bc5b0f,flaky
nodejs/node,https://github.com/nodejs/node/commit/61fe86b560a403d47e5a5a7fcd3be1f757878b37,flaky
nodejs/node,https://github.com/nodejs/node/commit/e4fc079080d52fe07d26511a696d452e28126dbb,flaky
nodejs/node,https://github.com/nodejs/node/commit/795eeb1ccfbbd405e039041441b04bfef3d981e2,flaky
nodejs/node,https://github.com/nodejs/node/commit/fd551c3f29d08bd94271e1759c33130b8b53646c,flaky
nodejs/node,https://github.com/nodejs/node/commit/23e7703c8528045aa2476d887b8f3dcc19c0d489,flaky
nodejs/node,https://github.com/nodejs/node/commit/c79b145abcd9b05b95103299ba613fb20b489340,flaky
nodejs/node,https://github.com/nodejs/node/commit/3e4f34cdb95bd05f84393ed8c0d3559edc90eb8f,flaky
nodejs/node,https://github.com/nodejs/node/commit/8677627054251f2d91ec25d25d460219a5bdbee1,flaky
nodejs/node,https://github.com/nodejs/node/commit/b061e3af55d15a65507c263220bd582063640da8,flaky
nodejs/node,https://github.com/nodejs/node/commit/5b80ca9339683dd94cc9d7adae99640c4ec9f859,flaky
nodejs/node,https://github.com/nodejs/node/commit/d89bc7bc970d8efc821523c751c58c04c5e96add,flaky
nodejs/node,https://github.com/nodejs/node/commit/1c5784511895bbc416a5d1ae8a1e22d9dbf612ec,flaky
nodejs/node,https://github.com/nodejs/node/commit/7e63eb7762309487b6681ebff7f24b9fa6f40637,flaky
nodejs/node,https://github.com/nodejs/node/commit/d7200d6823ab074fb429c74d252b663ad0b988f8,flaky
nodejs/node,https://github.com/nodejs/node/commit/8c305e1c2fc94e3d0b3e6a016f5635970e287df7,flaky
nodejs/node,https://github.com/nodejs/node/commit/239ebf02440412df56b18b8d9e973ad6ab7af2f8,flaky
nodejs/node,https://github.com/nodejs/node/commit/2efe4c29fe115db6d6f88056c91739590034d0d2,flaky
nodejs/node,https://github.com/nodejs/node/commit/317180ffe55516771a0ffa9414ccb9892a68952f,flaky
nodejs/node,https://github.com/nodejs/node/commit/ef9d0ae6f209851dd43d7d24b12e19547bcf0dbf,flaky
nodejs/node,https://github.com/nodejs/node/commit/b11e19e8eed059ddf473657c28c357987ca0015e,flaky
nodejs/node,https://github.com/nodejs/node/commit/45c4ad58e5bd53763c4264e5733b8c118fdf8291,flaky
nodejs/node,https://github.com/nodejs/node/commit/3be1db8702f0e2737bf0fceedd4a58b3ddd4ce99,flaky
nodejs/node,https://github.com/nodejs/node/commit/c3bc48f6325851d87c1a0a4e745519d7531cace2,flaky
nodejs/node,https://github.com/nodejs/node/commit/d3eca025763584462203d53d92a9eda2278c7810,flaky
nodejs/node,https://github.com/nodejs/node/commit/3ddbea64553e715f1ffa060fea55826622deacaa,flaky
nodejs/node,https://github.com/nodejs/node/commit/56ca9cd1ba50cdccad4f1fa2a8b40986bd40bd88,flaky
nodejs/node,https://github.com/nodejs/node/commit/9b0f53d45af943fb4d1d788bafde4eb16f5e4000,flaky
nodejs/node,https://github.com/nodejs/node/commit/d1f7c965bb7eb541e345bf4079a5a168ee4f206a,flaky
nodejs/node,https://github.com/nodejs/node/commit/1b8fca16bca4053351f693244da2246ab9a6fb82,flaky
nodejs/node,https://github.com/nodejs/node/commit/4bdf494d63d807bc5a4ebb757917b9e91c00790b,flaky
nodejs/node,https://github.com/nodejs/node/commit/1ffdbb6f423a7e1a3ae1f298e67c0f111443e629,flaky
nodejs/node,https://github.com/nodejs/node/commit/5f617c5f9e7d9d69e29df10d578f03c5c3e03a62,flaky
nodejs/node,https://github.com/nodejs/node/commit/b9b49ee66feeecaa76a1b6bfd3e12e4d590256f9,flaky
nodejs/node,https://github.com/nodejs/node/commit/aa34b439095770d0935439718a683b43fbbbf1ad,flaky
nodejs/node,https://github.com/nodejs/node/commit/fc66e55396f9584cda2fde255bf9204926bd2cf2,flaky
nodejs/node,https://github.com/nodejs/node/commit/54dd7c38e507b35ee0ffadc41a716f1782b0d32f,flaky
nodejs/node,https://github.com/nodejs/node/commit/f4ebd5989a76c1986d0ca5a5476ca285081000ee,flaky
nodejs/node,https://github.com/nodejs/node/commit/c4b5a451e30b3063a1fbc471052dc9baa8666d6e,flaky
nodejs/node,https://github.com/nodejs/node/commit/538813c45547d281e912b0e022f617baf2557791,flaky
nodejs/node,https://github.com/nodejs/node/commit/380912642787d39dc5960c7728e0bcc7725ac5c9,flaky
nodejs/node,https://github.com/nodejs/node/commit/3b94991bda0922af09b00c2338f364d901678aad,flaky
nodejs/node,https://github.com/nodejs/node/commit/ccab7d1dac9d625a4d94b0093b212bc7a8c461c6,flaky
nodejs/node,https://github.com/nodejs/node/commit/0966ab99966b7d3fbe4d7b93797fb299595fca72,flaky
nodejs/node,https://github.com/nodejs/node/commit/10a32aee84cf93f1b1b45395fd9d583231272209,flaky
nodejs/node,https://github.com/nodejs/node/commit/c9d5be4af098848ebb4573d47750c4798845458d,flaky
nodejs/node,https://github.com/nodejs/node/commit/fed0b2875458828fe4fa9bbb8bf3b9839becc8a5,flaky
nodejs/node,https://github.com/nodejs/node/commit/c5bed4cfc7b64a50fbba4d249bd5a183729d6e7e,flaky
nodejs/node,https://github.com/nodejs/node/commit/b20a0b662bf57e6873ce808543f266c63db75947,flaky
nodejs/node,https://github.com/nodejs/node/commit/bed3579dbecfba0a619674c1a3d1918f1950de1b,flaky
nodejs/node,https://github.com/nodejs/node/commit/dde4f0f1bfa0471daf8001f97f21ddb2b21db047,flaky
nodejs/node,https://github.com/nodejs/node/commit/ce5745bf92f586c58366e9f738441d69118f2c18,flaky
nodejs/node,https://github.com/nodejs/node/commit/22c826f5aa3811e758686fd00a8fe15728f6fc37,flaky
nodejs/node,https://github.com/nodejs/node/commit/58d999e8fc4f65c441062007193179b5341f13bf,flaky
nodejs/node,https://github.com/nodejs/node/commit/0b33ef80f1fd7af314fd5a0e93ca906f15292732,flaky
nodejs/node,https://github.com/nodejs/node/commit/fd54df1e674f408c6c1bc314726e23ef58da15f6,flaky
nodejs/node,https://github.com/nodejs/node/commit/5d818ccc221c850955b32318ba118038eff103ee,flaky
nodejs/node,https://github.com/nodejs/node/commit/c14e98b476156487024254fe391512ae95e642e6,flaky
nodejs/node,https://github.com/nodejs/node/commit/3b488eccc14dc966949b103b1469221eed40719e,flaky
nodejs/node,https://github.com/nodejs/node/commit/a3d1922958a18851afaae7238cfbd8079070f272,flakey
nodejs/node,https://github.com/nodejs/node/commit/5d7265f601f733b8a08b65f05379e39904a64593,flakey
nodejs/node,https://github.com/nodejs/node/commit/1316b7652a50da7e996897edfab9a1d3c365d3b5,fragile
nodejs/node,https://github.com/nodejs/node/commit/8bc39e7286526dfc1b7edf5861f9c4c6f6146721,fragile
nodejs/node,https://github.com/nodejs/node/commit/57bd27eda8ae0f540c14c8480128bca42b387314,fragile
nodejs/node,https://github.com/nodejs/node/commit/d9b59def72c718aaad3eefb6bf43f409ccefe4d2,fragile
nodejs/node,https://github.com/nodejs/node/commit/44574bc39b93c96d9bd15e79757cf2eec501ac3a,fragile
nodejs/node,https://github.com/nodejs/node/commit/743a009bad64c4302a724f70c42d73601a16aed4,fragile
nodejs/node,https://github.com/nodejs/node/commit/b54a4d871ff6437db0b7f76e5d7c51ad6f720653,fragile
nodejs/node,https://github.com/nodejs/node/commit/200df8641b43902adc73cce6b89d3e84a91dd3e6,fragile
nodejs/node,https://github.com/nodejs/node/commit/e8500274e04bab2eb630b4000cbd35be8d23d3fd,brittle
nodejs/node,https://github.com/nodejs/node/commit/4ba33c90c6c50f625e071301f1ad4ba256d28246,brittle
nodejs/node,https://github.com/nodejs/node/commit/0eb3ed50baf680577f30097bccf3cf00854f5ff1,brittle
nodejs/node,https://github.com/nodejs/node/commit/e3e56f1d71fd496c8a25d6b4b50e51d4a682d184,brittle
nodejs/node,https://github.com/nodejs/node/commit/f1478e1789c87a5b20d1a6ed7f58a4bfb07d3e13,intermittent
nodejs/node,https://github.com/nodejs/node/commit/d66cf5f32cc8bcfa73b32b8a95911cc46c52b6bf,intermittent
nodejs/node,https://github.com/nodejs/node/commit/7e40c7ddc93f9260a3f4b1683ff6f86aff91e761,intermittent
nodejs/node,https://github.com/nodejs/node/commit/287bdabe407bcfae7a82f0189351ac0191d6e4d1,intermittent
nodejs/node,https://github.com/nodejs/node/commit/2e3da9be84f543ecdbffef2e7bf4420d536c78e0,intermittent
nodejs/node,https://github.com/nodejs/node/commit/e435a0114d973231f44b10edbff583210e975510,intermittent
nodejs/node,https://github.com/nodejs/node/commit/2486273c0e2e688f9dbb2ef6cdaefe89d75451b5,intermittent
nodejs/node,https://github.com/nodejs/node/commit/d8c4ecea0b03a4524eda172dfd7f08992c1538c8,intermittent
nodejs/node,https://github.com/nodejs/node/commit/ee90959071e2d9f41b1cebe631aebaf25724600a,intermittent
nodejs/node,https://github.com/nodejs/node/commit/8aa589c0697f68076df2cf74fafa55eb0d0bba8e,intermittent
nodejs/node,https://github.com/nodejs/node/commit/3143d732f6efd82da76e9c53ad192ac14071bf70,intermittent
nodejs/node,https://github.com/nodejs/node/commit/a82e0e6f361ac0923539d2c47586159fff9c6573,intermittent
nodejs/node,https://github.com/nodejs/node/commit/1bda746c1bf8f875cebb3a8948a57bbc75189240,intermittent
nodejs/node,https://github.com/nodejs/node/commit/a6a7338b1c1bce5276a86933a4b3553593f24b64,intermittent
nodejs/node,https://github.com/nodejs/node/commit/87d42b08ca2bed004e2e1c5e559161f1e8c5f0c6,intermittent
nodejs/node,https://github.com/nodejs/node/commit/10a32aee84cf93f1b1b45395fd9d583231272209,intermittent
nodejs/node,https://github.com/nodejs/node/commit/49c2372e684ee91c2791488aaa8caaecfcf64e11,intermittent
nodejs/node,https://github.com/nodejs/node/commit/051908e023f87894fa68f5b64d0b99a19a7db01e,intermittent
nodejs/node,https://github.com/nodejs/node/commit/5ef6000afdd16f1c3a1f56cf64502f1f02c57fb4,intermittent
nodejs/node,https://github.com/nodejs/node/commit/d5d301f3032a0723f5a29cfbe0d95ac4ad205d42,intermittent
nodejs/node,https://github.com/nodejs/node/commit/c2cf47a23953f4fed7275bf37371d258113035c2,intermittent
nodejs/node,https://github.com/nodejs/node/commit/8b57b312996794526a8d5efe5935b64ba412c4e6,intermittent
nodejs/node,https://github.com/nodejs/node/commit/eed8b0525c4b824e6ee8ba2e2f883e91614967d9,non-deterministic test
nodejs/node,https://github.com/nodejs/node/commit/0912b8832050042fdf7098e6fecfae97c71b27de,non-deterministic test
nodejs/node,https://github.com/nodejs/node/commit/e3e56f1d71fd496c8a25d6b4b50e51d4a682d184,non-deterministic test
denoland/deno,https://github.com/denoland/deno/commit/b837fc300d5f31cf2628e81d59e388286493ce71,flaky
denoland/deno,https://github.com/denoland/deno/commit/05911e5d7f7ef4789a6a6d244f271992c7690a87,flaky
denoland/deno,https://github.com/denoland/deno/commit/da5ca4f521828a8b31cf22ee227000c2910df28b,flaky
,,
,,
,,
,,
,,
,,
,,
,,
,,
,,
,,
,,
,,
,,
,,
,,
,,
,,
,,
,,
,,
,,
,,
,,
,,
,,
,,
,,
,,
,,
,,
,,
,,
,,
,,
,,
,,
,,
,,
,,
,,
,,
,,
,,
,,
,,
,,
,,
,,
,,
,,
,,
,,
,,
,,
,,
,,
,,
,,
,,
,,
,,
,,
,,
,,
,,
,,
,,
,,
,,
,,
,,
,,
,,
,,
,,
,,
,,
,,
,,
mrdoob/three.js,https://github.com/mrdoob/three.js/commit/dbca7b6add2086b60e6db5f61c7d03b7502fd3e2,fragile
mui-org/material-ui,https://github.com/mui-org/material-ui/commit/ad2c196c9f891beef5aad347ce84b66dc11b1a58,flaky
mui-org/material-ui,https://github.com/mui-org/material-ui/commit/c5ae5573fc92b9c34bace2767fd65403e36ed5f3,flaky
mui-org/material-ui,https://github.com/mui-org/material-ui/commit/b04aa0b84ee2254c781e1f2362f288d5773788eb,flaky
mui-org/material-ui,https://github.com/mui-org/material-ui/commit/fb3d0dc244ce6e05d4010a57a921b60935a1eb49,flaky
mui-org/material-ui,https://github.com/mui-org/material-ui/commit/dce1d9497c6781c038b98406aaa3076186836c9d,flaky
mui-org/material-ui,https://github.com/mui-org/material-ui/commit/341d0f3d2aa837cbfe890a6695293180f2164f41,flaky
mui-org/material-ui,https://github.com/mui-org/material-ui/commit/3cd58d67b239a31292af4b5ee02874d6e1e1bebf,flaky
mui-org/material-ui,https://github.com/mui-org/material-ui/commit/482b290d3e4b018514d900632f4be56ec166f5b7,flaky
mui-org/material-ui,https://github.com/mui-org/material-ui/commit/004bb030ae626dd85bec84d19d367cb02c75fd2c,flaky
mui-org/material-ui,https://github.com/mui-org/material-ui/commit/734023dc423b7b1792efbc6a4d3f1e77007c3c84,flaky
mui-org/material-ui,https://github.com/mui-org/material-ui/commit/7d66bcee86dc0bf3bbb4cf43621400f07027d8dd,flaky
mui-org/material-ui,https://github.com/mui-org/material-ui/commit/9d1c2f0ab014c76ddc042dea58a6a9384fc108f4,flaky
mui-org/material-ui,https://github.com/mui-org/material-ui/commit/42a2bf354140987dbc7f4a4817a4b6b044e87320,flaky
mui-org/material-ui,https://github.com/mui-org/material-ui/commit/bffad8fce6bbd6e2e50badd3f66489f49e7d6a3a,flaky
mui-org/material-ui,https://github.com/mui-org/material-ui/commit/fd86dc2daa19ee8d85240b170000c29c6c5cb54a,flaky
mui-org/material-ui,https://github.com/mui-org/material-ui/commit/0b299e12a27156a7176a801b472a5bf773915bec,flaky
mui-org/material-ui,https://github.com/mui-org/material-ui/commit/f7ecce35edbdf78972a695209adc0f3b90efebbf,brittle
mui-org/material-ui,https://github.com/mui-org/material-ui/commit/9f38db64f9a34721832689e35278ab9a622357a8,brittle
mui-org/material-ui,https://github.com/mui-org/material-ui/commit/8e2714bd534ea1f7239ed2a5bd2e2b9b9ba409b5,brittle
storybookjs/storybook,https://github.com/storybookjs/storybook/commit/010ec117b78b1af0499a91fbb99934d36360909a,flaky
storybookjs/storybook,https://github.com/storybookjs/storybook/commit/df766e2805006e860f262f1500c47e88a5398502,flaky
storybookjs/storybook,https://github.com/storybookjs/storybook/commit/988d4b5bfdd98c80df6a408435b017803a91313a,flaky
storybookjs/storybook,https://github.com/storybookjs/storybook/commit/2890caf5010cad7abb4a853a18112e34d5d4b827,flaky
storybookjs/storybook,https://github.com/storybookjs/storybook/commit/66d1692676828557714af347c4b1c2f2ed327f59,flaky
storybookjs/storybook,https://github.com/storybookjs/storybook/commit/fd7193abe02c4b6f8cf1a2527f322bd5ab687df6,flaky
storybookjs/storybook,https://github.com/storybookjs/storybook/commit/f44bcb1fc247e973300318c2f2601b5501d983aa,flaky
storybookjs/storybook,https://github.com/storybookjs/storybook/commit/8d135069690f5552ad62aa33c21c1662706f1cc7,flaky
storybookjs/storybook,https://github.com/storybookjs/storybook/commit/77c6129853d833f2ae44f1e9ca22fde8e9a8da8a,flaky
storybookjs/storybook,https://github.com/storybookjs/storybook/commit/2bd338a62d21e645310a43e823dbee8264667ad9,flaky
storybookjs/storybook,https://github.com/storybookjs/storybook/commit/85f1f7f64a1af4fd82296f1a3354528720a97d3e,flaky
storybookjs/storybook,https://github.com/storybookjs/storybook/commit/b06bec0d9be735c0680eae57e322be297b360213,flakey
storybookjs/storybook,https://github.com/storybookjs/storybook/commit/69235df336100265ea144a656570c99d80726fe6,flakey
storybookjs/storybook,https://github.com/storybookjs/storybook/commit/988d4b5bfdd98c80df6a408435b017803a91313a,flakey
atom/atom,https://github.com/atom/atom/commit/11f16d3863e8dc0dc829eeae55ac989853ce6e01,flaky
atom/atom,https://github.com/atom/atom/commit/c859f2067f10149c18363a0d407b63cf2ccac681,flaky
atom/atom,https://github.com/atom/atom/commit/a71aca850eb484ad49234b8a6f9bcd7d41c20320,flaky
atom/atom,https://github.com/atom/atom/commit/fca0681c53cdc03fab24c40350f4f65cfec1dd25,flaky
atom/atom,https://github.com/atom/atom/commit/656facc989d7c49c412b6b586a44dfe70d1e065f,flaky
atom/atom,https://github.com/atom/atom/commit/f65475d8558c68964c9cbed615d16801efc526a2,flaky
atom/atom,https://github.com/atom/atom/commit/a0742f8e9da8ebf5ed3848c10f511fc693ff4269,flaky
atom/atom,https://github.com/atom/atom/commit/dd40782166f95b5179b67cf8d0aa814e519616fd,flaky
atom/atom,https://github.com/atom/atom/commit/3866aeefc2790b8d0d7213ccda94d7b94379f0fc,flaky
atom/atom,https://github.com/atom/atom/commit/2a7ddf0d224aa8941dd523eabc2c19e012054da1,flaky
atom/atom,https://github.com/atom/atom/commit/d4d14a402cfa5001e7267e5314e229d316ab2f41,flaky
atom/atom,https://github.com/atom/atom/commit/a028eca8ba60285a85fd42854c85f8fe07437f1e,flaky
atom/atom,https://github.com/atom/atom/commit/5ac126e01b7b9ab9de5d8568baa52ffcf1d31cff,flaky
atom/atom,https://github.com/atom/atom/commit/44cad8f586c7794f3af2faa8264306c5c27bf709,flaky
atom/atom,https://github.com/atom/atom/commit/42657780d51c357d693328393efebf922ccd7207,flaky
atom/atom,https://github.com/atom/atom/commit/f0257bcb0d3946f230fd63760a069d6a3ca25c7c,flaky
atom/atom,https://github.com/atom/atom/commit/668397c1d0cac12e61c1894cfa1d832f37cd8f59,flaky
atom/atom,https://github.com/atom/atom/commit/fa3e80d03474c001662b13be9550c7ee4f0601f5,flaky
atom/atom,https://github.com/atom/atom/commit/7e16e42b3f83441b1fc52ce629ac96db1cd50c9f,flaky
atom/atom,https://github.com/atom/atom/commit/75289ee3ddce2406bbd64717f100462ae256da9d,flaky
atom/atom,https://github.com/atom/atom/commit/1cde8f8020aef25ecc0b103c213135462c31f858,flaky
atom/atom,https://github.com/atom/atom/commit/6d54578daa3a79638d9aedd7f419f22df62d8525,flaky
atom/atom,https://github.com/atom/atom/commit/84e76556dafc74ab15e397b12b7afc8403c84aa0,flaky
atom/atom,https://github.com/atom/atom/commit/3f1ce617a72f261a91c6f0790908e6d54962af9f,flaky
atom/atom,https://github.com/atom/atom/commit/f659bc20a27f7f41841af0220b8ed25a8af8676a,flaky
atom/atom,https://github.com/atom/atom/commit/b4125022b6720d9c8dff57b2dcd068d7510aa305,flaky
atom/atom,https://github.com/atom/atom/commit/cb08c1b875ecf6734a1d9913262fb1cdf55d59cb,flaky
atom/atom,https://github.com/atom/atom/commit/577dfe8deb54d47f0ff866647c238a79e5e34e62,flaky
atom/atom,https://github.com/atom/atom/commit/67046ff2d972b44418b0fcd9d2edab94874d2395,flaky
atom/atom,https://github.com/atom/atom/commit/3f2309522aed772be72698a26124ac31b324c425,flaky
atom/atom,https://github.com/atom/atom/commit/f26c0c0b15231f853f82a8fc6c7e527a27154d89,flaky
atom/atom,https://github.com/atom/atom/commit/2ad8f0edf8a2decba2a3d5099cbab21818e64315,flaky
atom/atom,https://github.com/atom/atom/commit/886c51aed15d35ced2ecdca4c1a08d3c168780d3,flaky
atom/atom,https://github.com/atom/atom/commit/60970d6cec5388d777eef060892f0f919ee805e4,flaky
atom/atom,https://github.com/atom/atom/commit/625b95a6d9efa1550334c73bf88059b9e1b3d808,flaky
atom/atom,https://github.com/atom/atom/commit/61c7e797b9a48bf908b41783ef6ea8d288449355,flaky
atom/atom,https://github.com/atom/atom/commit/7f1d88a05de183b6217a7c904c1a0d4438161852,flaky
atom/atom,https://github.com/atom/atom/commit/8ee4e927a1d5507bf7041e775c341fceae3393af,flaky
atom/atom,https://github.com/atom/atom/commit/24e64ee9e16f2574be9893c23afbe19b4ad90773,flaky
atom/atom,https://github.com/atom/atom/commit/0169c1160edb256e19db86cfc777e9a5e737bf90,flaky
atom/atom,https://github.com/atom/atom/commit/64514fad7e19ba935f19a8155602faa5f6f54d07,flaky
atom/atom,https://github.com/atom/atom/commit/22b967adf5753834ca241e1c1ea1484dbb2f0fd3,flaky
atom/atom,https://github.com/atom/atom/commit/d62b3d5236cccd63d1a46149493fe31752abf595,flaky
atom/atom,https://github.com/atom/atom/commit/fccc47023c1b87fdd20ba5cc0fb9c4719badf727,flaky
atom/atom,https://github.com/atom/atom/commit/5f756b59ec5a60d82ff5577347f0544fbf0592bf,flaky
atom/atom,https://github.com/atom/atom/commit/c40a526302d1c84203ffb353d170d2316544e4b4,flaky
atom/atom,https://github.com/atom/atom/commit/9743c20949f929896d287ad38c8ee9453f8bd18c,flaky
atom/atom,https://github.com/atom/atom/commit/6d7971cd50f55b56cdb43a2212aa7ca1b3b3fd82,flaky
atom/atom,https://github.com/atom/atom/commit/e9dfc080a30bd9ddaafe1c829780d39b7d627a6b,flaky
atom/atom,https://github.com/atom/atom/commit/3c98c30b4396c891ae5dc8e195df67053148173c,flaky
atom/atom,https://github.com/atom/atom/commit/b2d7a203e79cd762d3c508527b444e79e6272a8b,flaky
atom/atom,https://github.com/atom/atom/commit/50f02495c0995ba84245f6156df200dbfe2875b9,flaky
atom/atom,https://github.com/atom/atom/commit/29810c6cd1924e08126bd18d759b80abfd1c199c,flaky
atom/atom,https://github.com/atom/atom/commit/8b00368fa1968873877dae42b29af64572a6c03a,flakey
atom/atom,https://github.com/atom/atom/commit/45037c950a97652f8bf877a30b5a4601364a7cc1,flakey
atom/atom,https://github.com/atom/atom/commit/f2b6da332d0402c645f35183395b129585300c03,flakey
atom/atom,https://github.com/atom/atom/commit/857f19c38281d74b94c7ec243f3fa23dfff746ee,flakey
atom/atom,https://github.com/atom/atom/commit/5d1bde62a63a9afc0615e00a54bd5e56d5a86506,fragile
atom/atom,https://github.com/atom/atom/commit/191e8ab2407adeeb6cae61d0777a347f06948f6f,fragile
atom/atom,https://github.com/atom/atom/commit/880edcd408db4c7ec207f94989e016f73f3e5d76,intermittent
atom/atom,https://github.com/atom/atom/commit/04fce8067ff911c7d89924568184e64ad922c615,intermittent
atom/atom,https://github.com/atom/atom/commit/03b631a1daba392b16c157c5cfeef8558e7452c5,intermittent
atom/atom,https://github.com/atom/atom/commit/2ae7cba452517a01488aae450511052c4fc85a52,intermittent
atom/atom,https://github.com/atom/atom/commit/e8cd59eaefb4e22e11f627354ea933a562f8dfa0,intermittent
atom/atom,https://github.com/atom/atom/commit/f0ee7a06f7115a655e94fe55759154ce19114eea,intermittent
atom/atom,https://github.com/atom/atom/commit/d46cea9c41e6a77a372db990996e133e39b4d056,intermittent
atom/atom,https://github.com/atom/atom/commit/f8e2231dfccaae4381d518768d53674569a8b00a,intermittent
atom/atom,https://github.com/atom/atom/commit/50f02495c0995ba84245f6156df200dbfe2875b9,intermittent
jquery/jquery,https://github.com/jquery/jquery/commit/91fb18190e5ab9821e3c74b6aecbb5d197c6c5f6,flaky
jquery/jquery,https://github.com/jquery/jquery/commit/7b0864d0539bbfbb01d88d9bc95369580ffd99bc,flaky
jquery/jquery,https://github.com/jquery/jquery/commit/4e8f0c935e8fada0a755d9749cd371b96b9589d6,flaky
jquery/jquery,https://github.com/jquery/jquery/commit/2a600c13efd4c6367402ae51f1e9d819585eda7d,flaky
jquery/jquery,https://github.com/jquery/jquery/commit/45b3a884d55ce6004f7cec3fd27b42198b147ceb,flaky
jquery/jquery,https://github.com/jquery/jquery/commit/87bd130289c6ed9bfc355c1f8587ae6ce00a4776,flakey
jquery/jquery,https://github.com/jquery/jquery/commit/f73b9479262e6cf8057f29ee74a962cb08c7830c,flakey
jquery/jquery,https://github.com/jquery/jquery/commit/854d242db457e3191e3ca1f2a366f6c981a12fbc,flakey
jquery/jquery,https://github.com/jquery/jquery/commit/3f5f5433d5ba8bcc1644c8bbb3c1038f97d454bf,fragile
chartjs/Chart.js,https://github.com/chartjs/Chart.js/commit/9f32f0775a38088a829cad6e920989ee98e3c86d,flaky
ElemeFE/element,https://github.com/ElemeFE/element/commit/c5cec198d29f1e9c18e37419ed7255c1f9b70330,flaky
lodash/lodash,https://github.com/lodash/lodash/commit/3930c388e466ea4cc752f33896540ebc03e3de00,flaky
lodash/lodash,https://github.com/lodash/lodash/commit/5be66e98c232a617983f9e6ed0dbf96379d96166,flakey
moment/moment,https://github.com/moment/moment/commit/5a990196f872ac3dbb520c1bda40d498fde1b3a6,flaky
moment/moment,https://github.com/moment/moment/commit/ee4d67470240f3464836136356a7b5ebe4099d2f,flaky
moment/moment,https://github.com/moment/moment/commit/a0857cd56fcec6de35d14456dc1db311e6011172,flaky
moment/moment,https://github.com/moment/moment/commit/99e7f9490774cb92ddbd506320de77665181ee98,flaky
moment/moment,https://github.com/moment/moment/commit/3eecad86af8d42896f54adb3a7768c7a94ab2fea,flaky
moment/moment,https://github.com/moment/moment/commit/353830d66032244f4e78f426898ba157ce1c6c14,flaky
moment/moment,https://github.com/moment/moment/commit/6a55b4b37aa4d01df8a87a3d28b3a486da07f559,fragile
moment/moment,https://github.com/moment/moment/commit/a6c7bcdbf59c1a2dee0f5cb0f9aa846bc11865a4,fragile
meteor/meteor,https://github.com/meteor/meteor/commit/2a3d23694d6fb2a390e6177112697d1e502a7360,flaky
meteor/meteor,https://github.com/meteor/meteor/commit/ee6e405e75be03003e36aee36788de33fed2f442,flaky
meteor/meteor,https://github.com/meteor/meteor/commit/8a6a75290b497389eb3b020c451e363f7557d181,flaky
meteor/meteor,https://github.com/meteor/meteor/commit/3830c679db4a62b52ff67846d981ec53999818cc,flaky
meteor/meteor,https://github.com/meteor/meteor/commit/83d99bfbc6706ca8978ed287ee8703c5cbdb7bd2,flaky
meteor/meteor,https://github.com/meteor/meteor/commit/61b2d1710b2058bcc9fe076a80784b1cedb0dd6f,flaky
meteor/meteor,https://github.com/meteor/meteor/commit/41868fa16586d27a59eac07ec00578785421570a,flaky
meteor/meteor,https://github.com/meteor/meteor/commit/2945c5045c688db0480c3ad3bc0e7d1eae058d60,flaky
meteor/meteor,https://github.com/meteor/meteor/commit/a62d89519dbfb9e3ca7a1f0854cfd14edca09c6d,flaky
meteor/meteor,https://github.com/meteor/meteor/commit/12987a09267a38e9c9a8cc798589c6d92472aebc,flaky
meteor/meteor,https://github.com/meteor/meteor/commit/d287d36bac859391c66dd06d2bb0a191e4fd4688,flaky
meteor/meteor,https://github.com/meteor/meteor/commit/e7308c8f84fdb2aa58300b700f4f314fa9efb879,flaky
meteor/meteor,https://github.com/meteor/meteor/commit/d41ee867d1f3f889bac501662fbe00f2768ef426,flaky
meteor/meteor,https://github.com/meteor/meteor/commit/498e5722300e20a015db96bbce447883e456fe39,flaky
meteor/meteor,https://github.com/meteor/meteor/commit/1a56f3c55d78f0276bc13bbd412c15c94e30db24,flaky
meteor/meteor,https://github.com/meteor/meteor/commit/d9093d6cf8933f26c47260968cb2846af78fe646,flaky
meteor/meteor,https://github.com/meteor/meteor/commit/7786b4ff2959a97374a16f93f53b37002c9eb89b,flaky
meteor/meteor,https://github.com/meteor/meteor/commit/2eb2f426e5cf16a86e9fe46171b09e76d491cff9,flaky
meteor/meteor,https://github.com/meteor/meteor/commit/dc33f7c7a3a94d0db4b838fe22c256c56b497351,flaky
meteor/meteor,https://github.com/meteor/meteor/commit/779f942aa36f6c4f2892253961e48440705153b6,flaky
meteor/meteor,https://github.com/meteor/meteor/commit/83e9e68e2bd0dfff3ddfc3124d01bd3873377263,flaky
meteor/meteor,https://github.com/meteor/meteor/commit/87f22606ff19adc610eab93d30bb2a8e07a7b0a3,flaky
meteor/meteor,https://github.com/meteor/meteor/commit/aad875d303868b3b28122df0d4ad4001289579fa,flaky
meteor/meteor,https://github.com/meteor/meteor/commit/e5b5858203ab726d09086e707392c4e6aff6ab86,flaky
meteor/meteor,https://github.com/meteor/meteor/commit/da96352c6588e010e78107a61ae2fb439a624abd,flaky
meteor/meteor,https://github.com/meteor/meteor/commit/0aa9af3dfc6460291bbb37f5f39408cacd09be61,flaky
meteor/meteor,https://github.com/meteor/meteor/commit/35386e49dd503ca8add096a5d2439d9fa1d1e402,flaky
meteor/meteor,https://github.com/meteor/meteor/commit/82626d59b313a4e4f698e62b25d6f74223ced6da,flaky
meteor/meteor,https://github.com/meteor/meteor/commit/2032ba8b23020758fef43c78de83a36230da2c36,flaky
meteor/meteor,https://github.com/meteor/meteor/commit/f207371bc07b1238da2ebf0dc1aa1b892088bc74,flaky
meteor/meteor,https://github.com/meteor/meteor/commit/adc6d9969cd42e2871879bef3cb2c1640a6b6c1e,flaky
meteor/meteor,https://github.com/meteor/meteor/commit/c715613e483302421982112f3404b94036d81685,flaky
meteor/meteor,https://github.com/meteor/meteor/commit/b855f2d7c5c1757fea11253ffb376b1077157f3f,flaky
meteor/meteor,https://github.com/meteor/meteor/commit/5ae7a0954dcb2086ce0086ddccc614affdab2dfe,flaky
meteor/meteor,https://github.com/meteor/meteor/commit/c9ff7a55aa387a5a9ff306d7ec958d8fa7d3fbc5,flakey
meteor/meteor,https://github.com/meteor/meteor/commit/5da7ebdfe724aa3a237b6462424d3a4aba9729aa,fragile
meteor/meteor,https://github.com/meteor/meteor/commit/c9f0f5c0e0dd162c9d050a24bc7e076812aa8d5b,brittle
meteor/meteor,https://github.com/meteor/meteor/commit/e9e7237e8f495d78b25f1b933c168e1392f962e0,brittle
meteor/meteor,https://github.com/meteor/meteor/commit/91f203999b8c43e5c778d5142d5a88b78538b675,brittle
meteor/meteor,https://github.com/meteor/meteor/commit/029611ec6d1618f26dddbfda6c4510918497c0af,intermittent
meteor/meteor,https://github.com/meteor/meteor/commit/7bb90a3350b7cdaa716030fb62f6689195373d90,intermittent
meteor/meteor,https://github.com/meteor/meteor/commit/acaf998b138ba51b573225cdd07cb90f03823f8a,intermittent
meteor/meteor,https://github.com/meteor/meteor/commit/234827ba4496e7b8d7805c49d2bd478a807e015f,intermittent
meteor/meteor,https://github.com/meteor/meteor/commit/cac0c89492e7b1a0023db8d33b8306a2dfcf06bc,intermittent
meteor/meteor,https://github.com/meteor/meteor/commit/476d6bf7b33a0640ee5bdd7a48154d3bf69fcca7,intermittent
meteor/meteor,https://github.com/meteor/meteor/commit/8991c8bb251e4dcfacb215bd43e701dc0b24acac,intermittent
meteor/meteor,https://github.com/meteor/meteor/commit/96d8d866384054f8433d80657b1cc2e78ba04ecd,intermittent
meteor/meteor,https://github.com/meteor/meteor/commit/8e62f31ef1c649019e460c66c1319b0aa9de22ba,intermittent
meteor/meteor,https://github.com/meteor/meteor/commit/a290488d0293602bdfad2d4aa7b84c27430af196,intermittent
meteor/meteor,https://github.com/meteor/meteor/commit/2537707cb39a8400f56452a08e367ee7ade5bbe2,intermittent
yarnpkg/yarn,https://github.com/yarnpkg/yarn/commit/9e97f50aea60f58042403ff503d757a732756d6a,flaky
yarnpkg/yarn,https://github.com/yarnpkg/yarn/commit/ccf5812b9bbcc4931b9d32966f48a09e4448a8f0,flaky
yarnpkg/yarn,https://github.com/yarnpkg/yarn/commit/ba8df982568b495329cce43a5b914ec816d601b8,flaky
yarnpkg/yarn,https://github.com/yarnpkg/yarn/commit/0115ece56b9516af5d0ef75db2ceeb2253c3b1b4,flaky
yarnpkg/yarn,https://github.com/yarnpkg/yarn/commit/d2865a91bc58c89a5e9e4e52a3b210e41e655add,flaky
yarnpkg/yarn,https://github.com/yarnpkg/yarn/commit/263c7598f16738b3bc122c892750f6081272e81a,flaky
yarnpkg/yarn,https://github.com/yarnpkg/yarn/commit/03e534e0711634cc211fe9c7d9c612cb63797a86,flaky
yarnpkg/yarn,https://github.com/yarnpkg/yarn/commit/c5e2dc59fe0d7eb328c49c3f98d741cace40e6b9,flaky
yarnpkg/yarn,https://github.com/yarnpkg/yarn/commit/eae3317292930f7ded12d2c38c38e9d21f693f55,flaky
yarnpkg/yarn,https://github.com/yarnpkg/yarn/commit/45af6562c22652404993fb1d77616fadf3e5eff2,flaky
yarnpkg/yarn,https://github.com/yarnpkg/yarn/commit/fb40251c5b10bf3b43eed2daaaab53a1aab86f31,non-deterministic test
