Repository name,Commit URL,Keyword,Cause of flakiness,Response,type of change,change code
freeCodeCamp/freeCodeCamp,https://github.com/freeCodeCamp/freeCodeCamp/commit/827bcfaaa2c71f12bc52a4c660e7213c2c426caf,flaky,async wait,disable,fix,test
freeCodeCamp/freeCodeCamp,https://github.com/freeCodeCamp/freeCodeCamp/commit/71faba15da2c5bd675e40751a17cc7c2a06681b5,flaky,async wait,disable,fix,test
facebook/react,https://github.com/facebook/react/commit/fc572832b10792ce3aca764648e6f49d29dabadb,flaky,network,fix,fix,test
facebook/react,https://github.com/facebook/react/commit/00748c53e183952696157088a858352cc77b0010,fragile,concurrency,fix,fix,test
facebook/react,https://github.com/facebook/react/commit/97cd8e179aea9a12e343af6864e0e5994e40a8fc,fragile,concurrency,improve,decrease,CUT/test
facebook/react,https://github.com/facebook/react/commit/fe9a76ef25bd0cd274598572d5cb0a952edd00da,brittle,concurrency,improve,decrease,test
facebook/react,https://github.com/facebook/react/commit/c3310d3e326d241ec42e3db34586ce3d01cf554c,non-deterministic test,imp dependency,fix,fix,test
twbs/bootstrap,https://github.com/twbs/bootstrap/commit/3b2418e6885d31d9cd1eab33b4cb952e876f8cf7,flaky,UI,remove,fix,test
twbs/bootstrap,https://github.com/twbs/bootstrap/commit/8900d953ed8b7d2416c2c31667790d83853a0a06,flaky,concurrency/os,fix,fix,test
electron/electron,https://github.com/electron/electron/commit/399216580de88e48f29c56b633b1a380d5ea2203,flaky,platform,fix,fix,test
electron/electron,https://github.com/electron/electron/commit/4ce7ca6cfb287b2d260a9e873cfcd4fc975fa15c,flaky,os,skip,fix,test
electron/electron,https://github.com/electron/electron/commit/145dd33da16525d4b8c60e847e0bb261d58fde6a,flaky,os,skip,fix,test
electron/electron,https://github.com/electron/electron/commit/ad6fb2048621f5274772655819d8add7609023c7,flaky,platform,disable,fix,test
electron/electron,https://github.com/electron/electron/commit/c2d78deeca3a9ea2034e97b688c51cdabfd86cb2,flaky,async wait,fix,fix,test
electron/electron,https://github.com/electron/electron/commit/cb4b3e7be02554baaf8560b23b6305d641556829,flaky,OS,fix,fix,test
electron/electron,https://github.com/electron/electron/commit/ca218b63958891e79c6aad28d559801e47dc53a5,flaky,OS,fix,fix,test
electron/electron,https://github.com/electron/electron/commit/1152fecb75c372d957b09cf57caa8b5e23bdeddc,flaky,async wait,fix,fix,test
electron/electron,https://github.com/electron/electron/commit/753fb31c54eb56207356098dbb7d2c79f5c20731,flaky,async wait,fix,fix,test
electron/electron,https://github.com/electron/electron/commit/e6e621515f1ad7e7c0c9e241611ab875d5378360,flaky,async wait,fix,fix,test
electron/electron,https://github.com/electron/electron/commit/30109d64f255605a70b42db002c5cd03eba469aa,flaky,concurrency,fix,fix,test
electron/electron,https://github.com/electron/electron/commit/e00b128a50eb933d917f125000f3f6faac3ae2b1,flaky,concurrency,fix,fix,test
electron/electron,https://github.com/electron/electron/commit/dcbc10ac3810cb2b4b88cd583b783666aad03ccc,flaky,test env,fix,fix,test
electron/electron,https://github.com/electron/electron/commit/925fb27b1e59f9c769eee04cd75f4e94f014f132,flaky,environment,improve,decrease,test
electron/electron,https://github.com/electron/electron/commit/9249228ac3ce772c2fcd98a379cef78bece9f2d8,flaky,test env,skip,fix,test
electron/electron,https://github.com/electron/electron/commit/9a4783bf34ba07a3f181418eb7c3766aad3bb190,flaky,test env,skip,fix,test
electron/electron,https://github.com/electron/electron/commit/f0f17fffd8f3898ca91967316978fd092195873b,flaky,environment,disable,fix,test
electron/electron,https://github.com/electron/electron/commit/2a5d40617a72114b1976b1771d572943b5f6649b,flaky,environment,fix,fix,test
electron/electron,https://github.com/electron/electron/commit/42a21262735bd0644d5fb0e324131a590fba4798,flaky,concurrency,fix,fix,test
electron/electron,https://github.com/electron/electron/commit/9ce3a8c3a77e9fa0898ad61e15a6fa7ba4c748e7,flaky,environment,fix,fix,test
electron/electron,https://github.com/electron/electron/commit/5a81cfbbc6f3fad20ed84593b25ac4b67ecfe6e8,flaky,environment,fix,fix,test
electron/electron,https://github.com/electron/electron/commit/256c2684ee13cea01b064dae3b3d8aeb80a2d4dc,flaky,test env,skip,fix,test
electron/electron,https://github.com/electron/electron/commit/4841e375024311425294a52c080d8bd832b2af8d,flaky,test env,skip,fix,test
electron/electron,https://github.com/electron/electron/commit/ce1a5e3c9c5d231233035fc1b5836656d64de56c,non-deterministic test,os,fix,fix,test
nodejs/node,https://github.com/nodejs/node/commit/d75543d8b5ab00c1757c1aafeb4424055a333dfc,flaky,async wait/resource leak,fix,fix,test
nodejs/node,https://github.com/nodejs/node/commit/c7ccab31e598e5457052780b0362ece550f4bf66,flaky,platform,fix,fix,CUT/test
nodejs/node,https://github.com/nodejs/node/commit/f96dffb7aef50aa46531577ec24eb19474207d96,flaky,resource leak,fix,fix,test
nodejs/node,https://github.com/nodejs/node/commit/4f387c25cb60ad556fce058546a52f905c3e9d51,flaky,resource leak,fix,fix,test
nodejs/node,https://github.com/nodejs/node/commit/cfb2e0683972e0b0f09f431483e2672640da0b0f,flaky,async wait,remove,fix,test
nodejs/node,https://github.com/nodejs/node/commit/433afd9e3969481917237f340cf7900269c4acf0,flaky,os,fix,fix,test
nodejs/node,https://github.com/nodejs/node/commit/4fde7dc5802df04851de6e498487b31d64625e29,flaky,os,fix,fix,test
nodejs/node,https://github.com/nodejs/node/commit/341812b907258bf02b079447cb215611f207735b,flaky,time,quarantine,fix,test
nodejs/node,https://github.com/nodejs/node/commit/c704faa0f9df3237ac27c2b69919a029108f58a3,flaky,os,fix,fix,test
nodejs/node,https://github.com/nodejs/node/commit/e44855d3173b791682d00a2ac001dd79ebabc95f,flaky,network,fix,fix,test
nodejs/node,https://github.com/nodejs/node/commit/f178c5a134bc625f28e0b28a5f3a2272fbbc2ba0,flaky,IO,fix,fix,test
nodejs/node,https://github.com/nodejs/node/commit/8ba65b550f21adac9b3de9f595907baf0f213fdb,flaky,os,fix,fix,test
nodejs/node,https://github.com/nodejs/node/commit/04fb597996455d0abbe7b12bbc2d2a5ce16fbb3d,flaky,concurrency/environment,fix,fix,test
nodejs/node,https://github.com/nodejs/node/commit/4411a99dcd95f6aab5ae1b41b4d2d201360f3484,flaky,concurrency,fix,fix,test
nodejs/node,https://github.com/nodejs/node/commit/41516b9c45b715bacd71769d0918ab07c6d2de1a,flaky,hardware,fix,fix,test
nodejs/node,https://github.com/nodejs/node/commit/d1e4d34afa1667e752795aeb5ca95700f5d9fd78,flaky,os,skip,fix,test
nodejs/node,https://github.com/nodejs/node/commit/772fdb0cd3163ad9299cdb1168b10059abe6ee71,flaky,hardware,fix,fix,test
nodejs/node,https://github.com/nodejs/node/commit/9b23777442f9af01b25b8752e3d1767036b62f14,flaky,async wait,fix,fix,test
nodejs/node,https://github.com/nodejs/node/commit/1e8625c622d4f3463fa0138e9912615b162ec296,flaky,network,fix,fix,test
nodejs/node,https://github.com/nodejs/node/commit/42b5f5f1bdf8d5168f9200d6f49477915a7713e5,flaky,concurrency,fix,fix,test
nodejs/node,https://github.com/nodejs/node/commit/8d8090b9bb3ee657e20f0cb00fdc1c120a58537c,flaky,concurrency,fix,fix,test
nodejs/node,https://github.com/nodejs/node/commit/4195c31ecbb83f07d5a8bda579f13e139aface1a,flaky,network,fix,fix,test
nodejs/node,https://github.com/nodejs/node/commit/9b8d317d9916dd44b2b3678df05f9daf6eb14c90,flaky,concurrency,fix,fix,test
nodejs/node,https://github.com/nodejs/node/commit/135dd8876ee8a80c17d171cb2b13868359572eaf,flaky,concurrency,fix,fix,test
nodejs/node,https://github.com/nodejs/node/commit/a7cf8da63179ea7cb84cb5f62248f72b44d5d049,flaky,concurrency,fix,fix,test
nodejs/node,https://github.com/nodejs/node/commit/f25153333533e8d328374df658786239c4d4aff3,flaky,concurrency,fix,fix,test
nodejs/node,https://github.com/nodejs/node/commit/41ac1921920b736f812cc03f6df98ff169d32c07,flaky,async wait,fix,fix,test
nodejs/node,https://github.com/nodejs/node/commit/fb74e98243e3fabd5fa45587cf1c68948673662e,flaky,network,fix,fix,test
nodejs/node,https://github.com/nodejs/node/commit/acfb78b5319bf44cdf368e3b2b9d7caca75d0dd6,flaky,concurrency,fix,fix,test
nodejs/node,https://github.com/nodejs/node/commit/0bb70b0a02c2e6d5e6de61f9f9619f379b09a92e,flaky,resource leak,fix,fix,test
nodejs/node,https://github.com/nodejs/node/commit/d3a8a23089af06bb047bf9bad7531fbfc70f6314,flaky,concurrency,fix,fix,test
nodejs/node,https://github.com/nodejs/node/commit/dbe881b64ce74f437ace5c6a884dfac5df597df2,flaky,concurrency,fix,fix,test
nodejs/node,https://github.com/nodejs/node/commit/e008ca8b93af0eb5e360ee1244680c914a795344,flaky,hardware,fix,fix,test
nodejs/node,https://github.com/nodejs/node/commit/9e6c2ba68a46ee693cf0b4875966f96a6dc261cf,flaky,network/os,fix,fix,test
nodejs/node,https://github.com/nodejs/node/commit/b7d87e31f5add8e7bc93f6bcb32f01bc947206c4,flaky,async wait,fix,fix,test
nodejs/node,https://github.com/nodejs/node/commit/9da57a86ee7d9cb7b27ab8fa9ee241dc047bbd0e,flaky,async wait,fix,fix,test
nodejs/node,https://github.com/nodejs/node/commit/5100e84f4baaecb1c5c1e861d09f9091dc666d20,flaky,async wait,fix,fix,test
nodejs/node,https://github.com/nodejs/node/commit/3ae6f5e1169f423e71036d1bbd62f2c26b136914,flaky,async wait,fix,fix,test
nodejs/node,https://github.com/nodejs/node/commit/06deb94714ddb5e18a803c517e9272a8fe657995,flaky,concurrency,fix,fix,test
nodejs/node,https://github.com/nodejs/node/commit/3663ac27c14b6ce1fd409eda24a9d45a51901e8a,flaky,os,skip,fix,test
nodejs/node,https://github.com/nodejs/node/commit/6963a93d0ec7b0020f243f2d49eba889a869cbed,flaky,platform,fix,fix,test
nodejs/node,https://github.com/nodejs/node/commit/8a5c7f6abdfb4a8b09bd1de85c6e9819df66ca48,flaky,concurrency,fix,fix,Cut
nodejs/node,https://github.com/nodejs/node/commit/0649225be47647b63a029ba3b64eadc517b06d05,flaky,async wait,fix,fix,test
nodejs/node,https://github.com/nodejs/node/commit/0279c2f28bedae92a7be3e1c67794e66432cf4b7,flaky,concurrency,fix,fix,test
nodejs/node,https://github.com/nodejs/node/commit/06a43d4dcacc0c39506b8a3a1bb77411add6d9d7,flaky,network/async wait,fix,fix,test
nodejs/node,https://github.com/nodejs/node/commit/ac319c354719e02d6b9877f83227ffecabed477d,flaky,os,quarantine,fix,test
nodejs/node,https://github.com/nodejs/node/commit/f4f856b2381d10de48534e0de97df142f3e29994,flaky,os,fix,fix,CUT/test
nodejs/node,https://github.com/nodejs/node/commit/bbc9807b207b08759b447672fa638c9ec96d4c17,flaky,concurrency,fix,fix,test
nodejs/node,https://github.com/nodejs/node/commit/7bc893f0c667528c8f82e79cbff73ac09eafb8a4,flaky,concurrency,fix,fix,test
nodejs/node,https://github.com/nodejs/node/commit/1c5a3f0d091ef34b82f89dce4c87b431cab4c3ee,flaky,network,fix,fix,test
nodejs/node,https://github.com/nodejs/node/commit/2da7ff5e969538a19c27e6929d435094347f90a8,flaky,async wait,fix,fix,test
nodejs/node,https://github.com/nodejs/node/commit/3adec437917005650ea9e77fdf1460ee1d2f4a89,flaky,concurrency,fix,fix,test
nodejs/node,https://github.com/nodejs/node/commit/988482e2341ba31996c4a44432fd9f4f35b89dbb,flaky,network,fix,fix,test
nodejs/node,https://github.com/nodejs/node/commit/7cb70e9eceb5c939b2d7167e0ce08f887e865fb5,flaky,async wait,fix,fix,test
nodejs/node,https://github.com/nodejs/node/commit/ac894503261e4f509eec2e10e56ff72764abd5f5,flaky,concurrency,fix,fix,test
nodejs/node,https://github.com/nodejs/node/commit/3f52ce35bce7e9df816d6ed884f1194986fa76ed,flaky,async wait,fix,fix,test
nodejs/node,https://github.com/nodejs/node/commit/4107bb463e857eba3ae05f1be7a5afc1050e1555,flaky,concurrency,quarantine,fix,test
nodejs/node,https://github.com/nodejs/node/commit/04ac1c0c0746f8ef188d308728d161157ea72093,flaky,hardware,fix,fix,test
nodejs/node,https://github.com/nodejs/node/commit/bbf46215489b15a79468ba26b233219bb6a3e41f,flaky,hardware,improve,decrease,test
nodejs/node,https://github.com/nodejs/node/commit/2848f84332dc2292fd08df083640ac09e5e571aa,flaky,hardware,fix,fix,test
nodejs/node,https://github.com/nodejs/node/commit/caf9d3c1d040c0bfd99e063770ea4d5e9f961f88,flaky,resource leak,fix,fix,test
nodejs/node,https://github.com/nodejs/node/commit/25f8a0d2dc7be14dcdd28c69ed542c8d699a65ce,flaky,os,fix,fix,test
nodejs/node,https://github.com/nodejs/node/commit/063c9f68865e1c5049fd4f29a547cad1b6fa7642,flaky,os,fix,fix,test
nodejs/node,https://github.com/nodejs/node/commit/68bafb8baf6548f60a3fa5b27e8ff4bb50952d7c,flaky,hardware,fix,fix,test
nodejs/node,https://github.com/nodejs/node/commit/6ea8b0198726c946ab94c5735f2cfad9dae11bed,flaky,os,fix,fix,test
nodejs/node,https://github.com/nodejs/node/commit/6bbb9ebf8d8da927fc71f648af4739f2d574014f,flaky,network,fix,fix,test
nodejs/node,https://github.com/nodejs/node/commit/b3313aa6039dd20034206f755bee88d06022514e,flaky,os,fix,fix,test
nodejs/node,https://github.com/nodejs/node/commit/8f0102564e2110dc6a4a43fa9de29e9ead1e9cac,flaky,async wait,fix,fix,test
nodejs/node,https://github.com/nodejs/node/commit/4b8ff3a424266e8418cf2b2f2f42c4c0822d4e14,flaky,concurrency,fix,fix,test
nodejs/node,https://github.com/nodejs/node/commit/8e3c5b59bf1d4889146241e7d6197425842fd813,flaky,async wait,fix,fix,test
nodejs/node,https://github.com/nodejs/node/commit/b396c4db6679d4cb5a0c4860697b75d779d3b7a7,flaky,concurrency,fix,fix,test
nodejs/node,https://github.com/nodejs/node/commit/a51944da0aeae65676a928c9473965c453e0e028,flaky,os,fix,fix,test
nodejs/node,https://github.com/nodejs/node/commit/d8e06b23b047b52c96ee01f7afb436aad4610c71,flaky,platform,fix,fix,test
nodejs/node,https://github.com/nodejs/node/commit/f01e9e7f6961ad1bde488d2780e96f4bea32f9dd,flaky,concurrency,fix,fix,test
nodejs/node,https://github.com/nodejs/node/commit/ef6c4c694f901dbd47087bc2f7e3b72ed5d033a3,flaky,async wait,fix,fix,test
nodejs/node,https://github.com/nodejs/node/commit/104681687581f49f1d3d90bf098e33984200d090,flaky,concurrency,fix,fix,test
nodejs/node,https://github.com/nodejs/node/commit/bea41bc945dff623961d65e86d5a4cd0d18fffb6,flaky,resource leak,fix,fix,test
nodejs/node,https://github.com/nodejs/node/commit/2dec0f98310bcf996550cfbd3398eb983ab93e16,flaky,concurrency,fix,fix,test
nodejs/node,https://github.com/nodejs/node/commit/ad1a9dd35a7d0490f2993a4559d2616f8c4f4c7e,flaky,async wait,fix,fix,test
nodejs/node,https://github.com/nodejs/node/commit/974767ec0d6ecb9f6327efb98d787221ce7e3100,flaky,network,fix,fix,test
nodejs/node,https://github.com/nodejs/node/commit/efc31503b39afc27c878abbeca15819ace20a663,flaky,concurrency,fix,fix,test
nodejs/node,https://github.com/nodejs/node/commit/34d1b1144e1af8382dad71c28c8d956ebf709801,flaky,concurrency,fix,fix,CUT/test
nodejs/node,https://github.com/nodejs/node/commit/1fa67c7fc2ef9fc226545f5de22c51964dbc27e1,flaky,random,fix,fix,test
nodejs/node,https://github.com/nodejs/node/commit/2da1af0a9320d613ca0107ed39087e23b9719369,flaky,network,fix,fix,test
nodejs/node,https://github.com/nodejs/node/commit/8d96300c22b81b5d3cd966185b9b130411b5609f,flaky,hardware,fix,fix,test
nodejs/node,https://github.com/nodejs/node/commit/ea47cc41e6cd96e9598db9c2ed0492c8fe952445,flaky,hardware,fix,fix,test
nodejs/node,https://github.com/nodejs/node/commit/74a703df845c647d054c228390019e1a58a6ab23,flaky,network,fix,fix,test
nodejs/node,https://github.com/nodejs/node/commit/f93a19b428ffb80f1b5bf918744983f9a25bdced,flaky,async wait,fix,fix,test
nodejs/node,https://github.com/nodejs/node/commit/3b2633e0bf9f719e9496f59914e2a2ff4aa9a050,flaky,os,fix,fix,test
nodejs/node,https://github.com/nodejs/node/commit/b54d4a68e3967f0e106af520ccd95dbc375fbf22,flaky,environment,fix,fix,test
nodejs/node,https://github.com/nodejs/node/commit/7cfcf8069bb91240d25f83fa5ab5b7af2da49260,flaky,hardware,improve,decrease,test
nodejs/node,https://github.com/nodejs/node/commit/f1c890afb05274880df0f1ce4084607c03b194bf,flaky,async wait,fix,fix,test
nodejs/node,https://github.com/nodejs/node/commit/a4a2e9f73746e72655f276b2a3638a50e9a9c4d9,flaky,async wait,fix,fix,test
nodejs/node,https://github.com/nodejs/node/commit/5a8fcd0d94f654af89d722760c00c03f2bbb972f,flaky,concurrency,fix,fix,test
nodejs/node,https://github.com/nodejs/node/commit/5267f29b3445d608e2458087a5724820aa996930,flaky,OS,fix,fix,test
nodejs/node,https://github.com/nodejs/node/commit/0fb017d684448308bb78d43f2c32e0b15d1c8241,flaky,os,fix,fix,test
nodejs/node,https://github.com/nodejs/node/commit/5e3d536ea30528c79ecc4a8b36425f82285e03d1,flaky,environment,fix,fix,test
nodejs/node,https://github.com/nodejs/node/commit/8b2e437fdb47370acfb6149e6454851d5aff56fa,flaky,async wait,fix,fix,test
nodejs/node,https://github.com/nodejs/node/commit/45982de4184e66bb53577b9c07383189f3d83dde,flaky,network,fix,fix,test
nodejs/node,https://github.com/nodejs/node/commit/4a5886cb8a41d2b6d07d7ab76701ae09899c5af7,flaky,async wait,fix,fix,test
nodejs/node,https://github.com/nodejs/node/commit/01d049165c7d3ef9d102c85f0218044cb45f4787,flaky,async wait,fix,fix,test
nodejs/node,https://github.com/nodejs/node/commit/67bfcb78f6d00c8bc2a0fa659ccc187dbcd7f142,flaky,concurrency,fix,fix,test
nodejs/node,https://github.com/nodejs/node/commit/b3eb3a19ade16b9a5aeef75399a6a91a07313f49,flaky,async wait,fix,fix,test
nodejs/node,https://github.com/nodejs/node/commit/ba43bce9e2383d445b9e669b34576ec4982d3f0d,flaky,IO,fix,fix,test
nodejs/node,https://github.com/nodejs/node/commit/2859f9ef927f59965f3fce3ad66af400dcf05267,flaky,async wait,fix,fix,test
nodejs/node,https://github.com/nodejs/node/commit/7d4b7724ec53cbec08b51033b2406f927d5548eb,flaky,IO,fix,fix,test
nodejs/node,https://github.com/nodejs/node/commit/a025723e0191e3526bf1e83b066c2f1c78730134,flaky,time,fix,fix,test
nodejs/node,https://github.com/nodejs/node/commit/143b235274945738774eea93a811f624a4fd2121,flaky,IO,fix,fix,test
nodejs/node,https://github.com/nodejs/node/commit/b88da496ef3ac9bf2a9dab101bb5827d9f41df04,flaky,time,fix,fix,test
nodejs/node,https://github.com/nodejs/node/commit/8d043238dee18c7356f28133e1d353048a14c7ee,flaky,time,fix,fix,test
nodejs/node,https://github.com/nodejs/node/commit/80c72c6d55452ffd0e7719b869bc54c3861595ab,flaky,concurrency,fix,fix,test
nodejs/node,https://github.com/nodejs/node/commit/03afecd36df74ef364df3c974644990ac354aca3,flaky,network,fix,fix,test
nodejs/node,https://github.com/nodejs/node/commit/9cef0603336e8fe39b11fee9e70dc1786f6cda64,flaky,os,fix,fix,test
nodejs/node,https://github.com/nodejs/node/commit/d72c78b19c5422197a44100201e771c0319e354e,flaky,async wait,fix,fix,test
nodejs/node,https://github.com/nodejs/node/commit/0aae34f52e7a6fce0e735dd56fa35ae82892ae3f,flaky,network,remove,fix,test
nodejs/node,https://github.com/nodejs/node/commit/c08f0d16e7e4701119e5dac3ac3a859ede3dcc12,flaky,IO,fix,fix,test
nodejs/node,https://github.com/nodejs/node/commit/7e5e1c251526a1ee59071f0e312cb2da99454bda,flaky,platform,quarantine,decrease,test
nodejs/node,https://github.com/nodejs/node/commit/df97126173918ad589c5ceb234204f66d0c5afac,flaky,concurrency,fix,fix,test
nodejs/node,https://github.com/nodejs/node/commit/3a977fc8c0d13f796c65e05e31bb548217fbc37b,flaky,concurrency,fix,fix,test
nodejs/node,https://github.com/nodejs/node/commit/f030d8426aa3241ad180c385f15134548579e7ce,flaky,resource leak,fix,fix,test
nodejs/node,https://github.com/nodejs/node/commit/ad652afbe3800ce2064ac05b7c74f2f56e5a89f6,flaky,concurrency,fix,fix,test
nodejs/node,https://github.com/nodejs/node/commit/6cfd0b5a32fb7b07307293c531fda65e238b6805,flaky,network,fix,fix,test
nodejs/node,https://github.com/nodejs/node/commit/1fe9b535a78a23a9549b544ec4a4f76614f45c5c,flaky,os,fix,fix,test
nodejs/node,https://github.com/nodejs/node/commit/4b0b991bf5bbb41e204a7b98f62a8afd00faf855,flaky,concurrency,fix,fix,test
nodejs/node,https://github.com/nodejs/node/commit/8a2acd4cc9807510786b4b6f7ad3a947aeb3a14c,flaky,network,improve,decrease,test
nodejs/node,https://github.com/nodejs/node/commit/033c3b0a4da75bffc9bfc9c456033aa684757179,flaky,concurrency,fix,fix,test
nodejs/node,https://github.com/nodejs/node/commit/09b0b1bd484c3bcdfa932c8712680f0bfbc2db02,flaky,concurrency,fix,fix,test
nodejs/node,https://github.com/nodejs/node/commit/a681d95a301f9d8f0f937ca7a0e3d58925d6613f,flaky,network,fix,fix,test
nodejs/node,https://github.com/nodejs/node/commit/f1d952753496c554523f835e7b539f9d114f966d,flaky,environment,fix,fix,test
nodejs/node,https://github.com/nodejs/node/commit/6fc8765e4e4b5241fe17c55beaa77e23fa152045,flaky,network,fix,fix,test
nodejs/node,https://github.com/nodejs/node/commit/998e174ce18f348096d9dd62ed6b2f1737df2855,flaky,async wait,fix,fix,test
nodejs/node,https://github.com/nodejs/node/commit/5b8c62c60d63a0da00da20823ce6fed7039036a7,flaky,concurrency,fix,fix,test
nodejs/node,https://github.com/nodejs/node/commit/0c2edd27e693ef5bb914a25c3257511fe2bb99f6,flaky,network,fix,fix,test
nodejs/node,https://github.com/nodejs/node/commit/68c933c01edddbc08acaf41e6ecdd1e1ca057910,flaky,os,fix,fix,test
nodejs/node,https://github.com/nodejs/node/commit/879f521c654fffd34360be432a6280936ba94071,flaky,os,fix,fix,test
nodejs/node,https://github.com/nodejs/node/commit/b794f581b1475bccfe0606ab0fda49500bd58b6c,flaky,network,fix,fix,test
nodejs/node,https://github.com/nodejs/node/commit/81d73fe83e280a36b094980eee85badece94f5ea,flaky,hardware,fix,fix,test
nodejs/node,https://github.com/nodejs/node/commit/348e69c89de658d1ea2b386f4166370214c25e95,flaky,concurrency,fix,fix,test
nodejs/node,https://github.com/nodejs/node/commit/4a5c719be50c7998684768b54d06860cb2c1d6fb,flaky,async wait,fix,fix,test
nodejs/node,https://github.com/nodejs/node/commit/9c00f071f0cddad4bbd5ab72f9275c187c11c514,flaky,environment,fix,fix,test
nodejs/node,https://github.com/nodejs/node/commit/2486273c0e2e688f9dbb2ef6cdaefe89d75451b5,intermittent,network/os,fix,fix,test
nodejs/node,https://github.com/nodejs/node/commit/1d8789188fa156d5eb75c155f6c648c2bd96b842,flaky,environment,fix,fix,test
nodejs/node,https://github.com/nodejs/node/commit/f8f67d253eb80ae213f331a3d7c57171053867fd,flaky,os,fix,fix,test
nodejs/node,https://github.com/nodejs/node/commit/686b334836d0bfb1a83b61ba0a674dcd72d58727,flaky,async wait,fix,fix,test
nodejs/node,https://github.com/nodejs/node/commit/3b12a8d6e7a053ba873de5a9b3c1d580ada294ac,flaky,os,fix,fix,test
nodejs/node,https://github.com/nodejs/node/commit/8997026d18cfd54a95c4de6dfdd86bef32f337ff,flaky,async wait,fix,fix,test
nodejs/node,https://github.com/nodejs/node/commit/fd76a3d482db94aa06c28f10b1572bb492451a5e,flaky,environment,fix,fix,test
nodejs/node,https://github.com/nodejs/node/commit/66369d05a2ad29b567c91094f1fb70114bed4de1,flaky,async wait,fix,fix,test
nodejs/node,https://github.com/nodejs/node/commit/5a171398f46d3872a413c2e65b27ed773e3e02d8,flaky,os,fix,fix,test
nodejs/node,https://github.com/nodejs/node/commit/64cbe7aa9e5613d1e98fa101034b2a087e8a8398,flaky,network,fix,fix,test
nodejs/node,https://github.com/nodejs/node/commit/6d3241d19c89427b79324ce348d7f42dee5b7531,flaky,async wait,fix,fix,test
nodejs/node,https://github.com/nodejs/node/commit/a10e657657de19d2482307676199c8ccd218da28,flaky,concurrency,fix,fix,test
nodejs/node,https://github.com/nodejs/node/commit/2d77cba7e7c7192b1553af0ebb28aea1499fd25e,flaky,network,fix,fix,test
nodejs/node,https://github.com/nodejs/node/commit/9d654a387a8c4b9a38fefb42aea511c3c55ac34a,flaky,os,fix,fix,test
nodejs/node,https://github.com/nodejs/node/commit/03505052a164c5cb71a767e1e4ae4c6caa139c9b,flaky,network,fix,fix,test
nodejs/node,https://github.com/nodejs/node/commit/89460f1f4d338125946e0c667881becc559e6619,flaky,async wait,fix,fix,test
nodejs/node,https://github.com/nodejs/node/commit/57f05951770052de107c4771a47ebee6b6f1b6ef,flaky,os,fix,fix,test
nodejs/node,https://github.com/nodejs/node/commit/bf22c71a7ab8417d7cf5c59d9e18e891137abfb8,flaky,async wait,fix,fix,test
nodejs/node,https://github.com/nodejs/node/commit/aba035fb27b14fe561c45540818be6a2bbb9dc9e,flaky,hardware,fix,fix,test
nodejs/node,https://github.com/nodejs/node/commit/a9aa1995433ddc4d65abb473b79d78aba4ebce4b,flaky,hardware,fix,fix,test
nodejs/node,https://github.com/nodejs/node/commit/b73e1b3c5af7675cb1fcf754bc574d803df2332d,flaky,resource leak,fix,fix,test
nodejs/node,https://github.com/nodejs/node/commit/c60faf6ba85b6365145fd8215ed572efa9f25fdc,flaky,async wait,fix,fix,test
nodejs/node,https://github.com/nodejs/node/commit/de51717c3eee6849b932547ef41646b49543f238,flaky,concurrency,fix,fix,test
nodejs/node,https://github.com/nodejs/node/commit/cee14f52a3bdbd870429de49d8075c24798916c3,flaky,concurrency,fix,fix,test
nodejs/node,https://github.com/nodejs/node/commit/86c4655a0fbeeaa29c49d5537e190f6cdedfd4d8,flaky,environment,fix,fix,test
nodejs/node,https://github.com/nodejs/node/commit/e98bcfa2cb3ea3442c785c9b95d4be0e4e02dcba,flaky,os,fix,fix,test
nodejs/node,https://github.com/nodejs/node/commit/d8ba2c0de4681fd22967a9d6d5981f3abe0658a8,flaky,concurrency,fix,fix,test
nodejs/node,https://github.com/nodejs/node/commit/6018fa1f5710260ecf4c2b32d05e80cb3337decc,flaky,concurrency,fix,fix,test
nodejs/node,https://github.com/nodejs/node/commit/e071894202c49d1dc50c80e05cb667468ce68ac2,flaky,concurrency,fix,fix,test
nodejs/node,https://github.com/nodejs/node/commit/30c0062dd2c0d74d7a17d9eaa1e8cfffd5f72a3f,flaky,os,improve,decrease,test
nodejs/node,https://github.com/nodejs/node/commit/487de196840243bda4b260f8de5aa35b4d48840c,flaky,hardware,improve,decrease,test
nodejs/node,https://github.com/nodejs/node/commit/d9734b7cc958c21d3c086ef6b6f3cb6d9d646570,flaky,os,fix,fix,test
nodejs/node,https://github.com/nodejs/node/commit/227ca87abb9c3a30e13152426c0efc442d908345,flaky,os,skip,fix,test
nodejs/node,https://github.com/nodejs/node/commit/43bd47c352a368db6051b1017225abace015d3c9,flaky,async wait,fix,fix,test
nodejs/node,https://github.com/nodejs/node/commit/5d3609dbdd98b3ea3c53a3020305b7567979c888,flaky,concurrency,fix,fix,test
nodejs/node,https://github.com/nodejs/node/commit/972a57cb20ae7e9794e61d505ae334cb1e2b45a6,flaky,os,fix,fix,test
nodejs/node,https://github.com/nodejs/node/commit/61adb264c0084b44c55d08e3a3e35eb0b31d76bb,flaky,async wait,fix,fix,test
nodejs/node,https://github.com/nodejs/node/commit/955c1508dab1d7f3e4684e6f6b0bd40218e8c297,flaky,os,fix,fix,test
nodejs/node,https://github.com/nodejs/node/commit/4d749e105282604f20e49b311a27c960473cfc2f,flaky,async wait,fix,fix,test
nodejs/node,https://github.com/nodejs/node/commit/5269e952a1541598feb17749b516b6ea50385150,flaky,network,fix,fix,test
nodejs/node,https://github.com/nodejs/node/commit/755e07cb738558841880e32795b6f1df4005c5b9,flaky,concurrency,fix,fix,test
nodejs/node,https://github.com/nodejs/node/commit/6dd07545ff504c8349a24c936dbf0ecde3c66238,flaky,concurrency,fix,fix,test
nodejs/node,https://github.com/nodejs/node/commit/cdeb85efc2cc6ab604830af300a5d0cfa48432fa,flaky,os,Quarantine,fix,test
nodejs/node,https://github.com/nodejs/node/commit/2a654e47282c8b2847422f2d4c444180f214ab5c,flaky,os,fix,fix,test
nodejs/node,https://github.com/nodejs/node/commit/2d2a2d7c780b71adec00096b7dd836714816ba54,flaky,network,fix,fix,test
nodejs/node,https://github.com/nodejs/node/commit/a133b775e3c9a816b999c70aab19de11d0918d1f,flaky,os,fix,fix,test
nodejs/node,https://github.com/nodejs/node/commit/ea232bd320c4b15c1d07b2d3bafb565725f1e8f0,flaky,concurrency,fix,fix,test
nodejs/node,https://github.com/nodejs/node/commit/be73480eec900604697c43c7664627a286be8ce4,flaky,concurrency,fix,fix,test
nodejs/node,https://github.com/nodejs/node/commit/93ac2ea36e4a77211b6ba68240833c902c6e057a,flaky,concurrency,fix,fix,test
nodejs/node,https://github.com/nodejs/node/commit/814b8c3cf796efa710ec1874ec4a30f7d50222cb,flaky,network,skip,fix,test
nodejs/node,https://github.com/nodejs/node/commit/d64b0a85e606b2c737c27e44bbe16c8eaba85d00,flaky,IO,fix,fix,test
nodejs/node,https://github.com/nodejs/node/commit/b5a75baa5bc879cbd4a2c5885fb75be8605abae3,flaky,concurrency,fix,fix,test
nodejs/node,https://github.com/nodejs/node/commit/dffafde7f1b5335bcb50c3c72d55add41ca00924,flaky,async wait,fix,fix,test
nodejs/node,https://github.com/nodejs/node/commit/aa81f995b4bcbdc4bfb40b72e31058d40f5b7f3a,flaky,test order,fix,fix,test
nodejs/node,https://github.com/nodejs/node/commit/98b721ed26c91ef4f0abca3cb52f3f90744d2759,flaky,network,fix,fix,test
nodejs/node,https://github.com/nodejs/node/commit/987e9e3d64511e5f97e2285ea329daf781dc9958,flaky,network,fix,fix,test
nodejs/node,https://github.com/nodejs/node/commit/61fe86b560a403d47e5a5a7fcd3be1f757878b37,flaky,network,fix,fix,test
nodejs/node,https://github.com/nodejs/node/commit/e4fc079080d52fe07d26511a696d452e28126dbb,flaky,network,fix,fix,test
nodejs/node,https://github.com/nodejs/node/commit/795eeb1ccfbbd405e039041441b04bfef3d981e2,flaky,network,fix,fix,test
nodejs/node,https://github.com/nodejs/node/commit/fd551c3f29d08bd94271e1759c33130b8b53646c,flaky,os,skip,fix,test
nodejs/node,https://github.com/nodejs/node/commit/23e7703c8528045aa2476d887b8f3dcc19c0d489,flaky,network,fix,fix,test
nodejs/node,https://github.com/nodejs/node/commit/c79b145abcd9b05b95103299ba613fb20b489340,flaky,os,fix,fix,test
nodejs/node,https://github.com/nodejs/node/commit/8677627054251f2d91ec25d25d460219a5bdbee1,flaky,concurrency,fix,fix,test
nodejs/node,https://github.com/nodejs/node/commit/b061e3af55d15a65507c263220bd582063640da8,flaky,os,skip,fix,test
nodejs/node,https://github.com/nodejs/node/commit/5b80ca9339683dd94cc9d7adae99640c4ec9f859,flaky,os,fix,fix,test
nodejs/node,https://github.com/nodejs/node/commit/d89bc7bc970d8efc821523c751c58c04c5e96add,flaky,concurrency,fix,fix,test
nodejs/node,https://github.com/nodejs/node/commit/1c5784511895bbc416a5d1ae8a1e22d9dbf612ec,flaky,os,fix,fix,test
nodejs/node,https://github.com/nodejs/node/commit/7e63eb7762309487b6681ebff7f24b9fa6f40637,flaky,time,fix,fix,test
nodejs/node,https://github.com/nodejs/node/commit/d7200d6823ab074fb429c74d252b663ad0b988f8,flaky,time,fix,fix,test
nodejs/node,https://github.com/nodejs/node/commit/8c305e1c2fc94e3d0b3e6a016f5635970e287df7,flaky,os,fix,fix,test
nodejs/node,https://github.com/nodejs/node/commit/239ebf02440412df56b18b8d9e973ad6ab7af2f8,flaky,os,quarantine,fix,test
nodejs/node,https://github.com/nodejs/node/commit/2efe4c29fe115db6d6f88056c91739590034d0d2,flaky,resource leak,fix,fix,test
nodejs/node,https://github.com/nodejs/node/commit/317180ffe55516771a0ffa9414ccb9892a68952f,flaky,async wait,fix,fix,test
nodejs/node,https://github.com/nodejs/node/commit/ef9d0ae6f209851dd43d7d24b12e19547bcf0dbf,flaky,concurrency,fix,fix,test
nodejs/node,https://github.com/nodejs/node/commit/b11e19e8eed059ddf473657c28c357987ca0015e,flaky,browser,fix,fix,test
nodejs/node,https://github.com/nodejs/node/commit/45c4ad58e5bd53763c4264e5733b8c118fdf8291,flaky,os,fix,fix,test
nodejs/node,https://github.com/nodejs/node/commit/3be1db8702f0e2737bf0fceedd4a58b3ddd4ce99,flaky,network,fix,fix,test
nodejs/node,https://github.com/nodejs/node/commit/c3bc48f6325851d87c1a0a4e745519d7531cace2,flaky,async wait,fix,fix,test
nodejs/node,https://github.com/nodejs/node/commit/d3eca025763584462203d53d92a9eda2278c7810,flaky,resource leak,quarantine,fix,test
nodejs/node,https://github.com/nodejs/node/commit/3ddbea64553e715f1ffa060fea55826622deacaa,flaky,network,fix,fix,test
nodejs/node,https://github.com/nodejs/node/commit/56ca9cd1ba50cdccad4f1fa2a8b40986bd40bd88,flaky,network,fix,fix,test
nodejs/node,https://github.com/nodejs/node/commit/4bdf494d63d807bc5a4ebb757917b9e91c00790b,flaky,environment,fix,fix,test
nodejs/node,https://github.com/nodejs/node/commit/5f617c5f9e7d9d69e29df10d578f03c5c3e03a62,flaky,os,fix,fix,test
nodejs/node,https://github.com/nodejs/node/commit/b9b49ee66feeecaa76a1b6bfd3e12e4d590256f9,flaky,hardware,skip,fix,test
nodejs/node,https://github.com/nodejs/node/commit/aa34b439095770d0935439718a683b43fbbbf1ad,flaky,test order,fix,fix,test
nodejs/node,https://github.com/nodejs/node/commit/fc66e55396f9584cda2fde255bf9204926bd2cf2,flaky,async wait,fix,fix,test
nodejs/node,https://github.com/nodejs/node/commit/f4ebd5989a76c1986d0ca5a5476ca285081000ee,flaky,environment,fix,fix,test
nodejs/node,https://github.com/nodejs/node/commit/c4b5a451e30b3063a1fbc471052dc9baa8666d6e,flaky,os,improve,decrease,test
nodejs/node,https://github.com/nodejs/node/commit/538813c45547d281e912b0e022f617baf2557791,flaky,os,fix,fix,test
nodejs/node,https://github.com/nodejs/node/commit/380912642787d39dc5960c7728e0bcc7725ac5c9,flaky,os,fix,fix,test
nodejs/node,https://github.com/nodejs/node/commit/3b94991bda0922af09b00c2338f364d901678aad,flaky,concurrency,fix,fix,test
nodejs/node,https://github.com/nodejs/node/commit/10a32aee84cf93f1b1b45395fd9d583231272209,intermittent,os,fix,fix,test
nodejs/node,https://github.com/nodejs/node/commit/c9d5be4af098848ebb4573d47750c4798845458d,flaky,hardware,fix,fix,test
nodejs/node,https://github.com/nodejs/node/commit/c5bed4cfc7b64a50fbba4d249bd5a183729d6e7e,flaky,concurrency,fix,fix,test
nodejs/node,https://github.com/nodejs/node/commit/b20a0b662bf57e6873ce808543f266c63db75947,flaky,concurrency,fix,fix,test
nodejs/node,https://github.com/nodejs/node/commit/bed3579dbecfba0a619674c1a3d1918f1950de1b,flaky,async wait,fix,fix,test
nodejs/node,https://github.com/nodejs/node/commit/dde4f0f1bfa0471daf8001f97f21ddb2b21db047,flaky,network,fix,fix,test
nodejs/node,https://github.com/nodejs/node/commit/ce5745bf92f586c58366e9f738441d69118f2c18,flaky,async wait,improve,decrease,test
nodejs/node,https://github.com/nodejs/node/commit/58d999e8fc4f65c441062007193179b5341f13bf,flaky,environment,remove,fix,test
nodejs/node,https://github.com/nodejs/node/commit/0b33ef80f1fd7af314fd5a0e93ca906f15292732,flaky,os,fix,fix,test
nodejs/node,https://github.com/nodejs/node/commit/fd54df1e674f408c6c1bc314726e23ef58da15f6,flaky,os,fix,fix,test
nodejs/node,https://github.com/nodejs/node/commit/5d818ccc221c850955b32318ba118038eff103ee,flaky,os,fix,fix,test
nodejs/node,https://github.com/nodejs/node/commit/c14e98b476156487024254fe391512ae95e642e6,flaky,async wait,fix,fix,test
nodejs/node,https://github.com/nodejs/node/commit/5d7265f601f733b8a08b65f05379e39904a64593,flakey,hardware,fix,fix,test
nodejs/node,https://github.com/nodejs/node/commit/1316b7652a50da7e996897edfab9a1d3c365d3b5,fragile,network,fix,fix,test
nodejs/node,https://github.com/nodejs/node/commit/8bc39e7286526dfc1b7edf5861f9c4c6f6146721,fragile,network,fix,fix,test
nodejs/node,https://github.com/nodejs/node/commit/b54a4d871ff6437db0b7f76e5d7c51ad6f720653,fragile,network,fix,fix,test
nodejs/node,https://github.com/nodejs/node/commit/4ba33c90c6c50f625e071301f1ad4ba256d28246,brittle,os,remove,fix,test
nodejs/node,https://github.com/nodejs/node/commit/0eb3ed50baf680577f30097bccf3cf00854f5ff1,brittle,environment,fix,fix,test
nodejs/node,https://github.com/nodejs/node/commit/287bdabe407bcfae7a82f0189351ac0191d6e4d1,intermittent,network,fix,fix,test
nodejs/node,https://github.com/nodejs/node/commit/2e3da9be84f543ecdbffef2e7bf4420d536c78e0,intermittent,network,fix,fix,test
nodejs/node,https://github.com/nodejs/node/commit/2486273c0e2e688f9dbb2ef6cdaefe89d75451b5,intermittent,os,fix,fix,test
nodejs/node,https://github.com/nodejs/node/commit/d8c4ecea0b03a4524eda172dfd7f08992c1538c8,intermittent,async wait,fix,fix,test
nodejs/node,https://github.com/nodejs/node/commit/ee90959071e2d9f41b1cebe631aebaf25724600a,intermittent,concurrency,quarantine,fix,test
nodejs/node,https://github.com/nodejs/node/commit/8aa589c0697f68076df2cf74fafa55eb0d0bba8e,intermittent,async wait,fix,fix,test
nodejs/node,https://github.com/nodejs/node/commit/3143d732f6efd82da76e9c53ad192ac14071bf70,intermittent,environment,remove,fix,test
nodejs/node,https://github.com/nodejs/node/commit/a82e0e6f361ac0923539d2c47586159fff9c6573,intermittent,time,improve,decrease,test
nodejs/node,https://github.com/nodejs/node/commit/a6a7338b1c1bce5276a86933a4b3553593f24b64,intermittent,os,fix,fix,test
nodejs/node,https://github.com/nodejs/node/commit/87d42b08ca2bed004e2e1c5e559161f1e8c5f0c6,intermittent,os,fix,fix,test
nodejs/node,https://github.com/nodejs/node/commit/10a32aee84cf93f1b1b45395fd9d583231272209,intermittent,os,fix,fix,test
nodejs/node,https://github.com/nodejs/node/commit/c2cf47a23953f4fed7275bf37371d258113035c2,intermittent,IO,fix,fix,test
nodejs/node,https://github.com/nodejs/node/commit/8b57b312996794526a8d5efe5935b64ba412c4e6,intermittent,concurrency,fix,fix,test
mui-org/material-ui,https://github.com/mui-org/material-ui/commit/ad2c196c9f891beef5aad347ce84b66dc11b1a58,flaky,UI,fix,fix,Cut
mui-org/material-ui,https://github.com/mui-org/material-ui/commit/b04aa0b84ee2254c781e1f2362f288d5773788eb,flaky,UI,improve,decrease,test
mui-org/material-ui,https://github.com/mui-org/material-ui/commit/341d0f3d2aa837cbfe890a6695293180f2164f41,flaky,UI,skip,fix,test
mui-org/material-ui,https://github.com/mui-org/material-ui/commit/004bb030ae626dd85bec84d19d367cb02c75fd2c,flaky,UI,fix,fix,test
mui-org/material-ui,https://github.com/mui-org/material-ui/commit/734023dc423b7b1792efbc6a4d3f1e77007c3c84,flaky,environment,fix,fix,test
mui-org/material-ui,https://github.com/mui-org/material-ui/commit/9d1c2f0ab014c76ddc042dea58a6a9384fc108f4,flaky,UI,fix,fix,test
mui-org/material-ui,https://github.com/mui-org/material-ui/commit/42a2bf354140987dbc7f4a4817a4b6b044e87320,flaky,UI,disable,fix,test
mui-org/material-ui,https://github.com/mui-org/material-ui/commit/0b299e12a27156a7176a801b472a5bf773915bec,flaky,UI,disable,fix,test
mui-org/material-ui,https://github.com/mui-org/material-ui/commit/9f38db64f9a34721832689e35278ab9a622357a8,brittle,UI,fix,fix,test
storybookjs/storybook,https://github.com/storybookjs/storybook/commit/fd7193abe02c4b6f8cf1a2527f322bd5ab687df6,flaky,UI,fix,Fix,test
storybookjs/storybook,https://github.com/storybookjs/storybook/commit/85f1f7f64a1af4fd82296f1a3354528720a97d3e,flaky,UI,improve,decrease,test
atom/atom,https://github.com/atom/atom/commit/11f16d3863e8dc0dc829eeae55ac989853ce6e01,flaky,UI,improve,decrease,test
atom/atom,https://github.com/atom/atom/commit/c859f2067f10149c18363a0d407b63cf2ccac681,flaky,async wait,fix,fix,test
atom/atom,https://github.com/atom/atom/commit/a71aca850eb484ad49234b8a6f9bcd7d41c20320,flaky,async wait,fix,fix,test
atom/atom,https://github.com/atom/atom/commit/fca0681c53cdc03fab24c40350f4f65cfec1dd25,flaky,async wait,improve,decrease,test
atom/atom,https://github.com/atom/atom/commit/a0742f8e9da8ebf5ed3848c10f511fc693ff4269,flaky,os,skip,fix,test
atom/atom,https://github.com/atom/atom/commit/2a7ddf0d224aa8941dd523eabc2c19e012054da1,flaky,concurrency,fix,fix,test
atom/atom,https://github.com/atom/atom/commit/a028eca8ba60285a85fd42854c85f8fe07437f1e,flaky,UI,fix,fix,test
atom/atom,https://github.com/atom/atom/commit/668397c1d0cac12e61c1894cfa1d832f37cd8f59,flaky,async wait/UI,fix,fix,test
atom/atom,https://github.com/atom/atom/commit/1cde8f8020aef25ecc0b103c213135462c31f858,flaky,async wait,fix,fix,test
atom/atom,https://github.com/atom/atom/commit/cb08c1b875ecf6734a1d9913262fb1cdf55d59cb,flaky,UI,fix,fix,test
atom/atom,https://github.com/atom/atom/commit/577dfe8deb54d47f0ff866647c238a79e5e34e62,flaky,UI,fix,fix,test
atom/atom,https://github.com/atom/atom/commit/2ad8f0edf8a2decba2a3d5099cbab21818e64315,flaky,async wait,fix,fix,test
atom/atom,https://github.com/atom/atom/commit/e9dfc080a30bd9ddaafe1c829780d39b7d627a6b,flaky,async wait,fix,fix,test
atom/atom,https://github.com/atom/atom/commit/29810c6cd1924e08126bd18d759b80abfd1c199c,flaky,UI,fix,fix,test
atom/atom,https://github.com/atom/atom/commit/8b00368fa1968873877dae42b29af64572a6c03a,flakey,os,skip,fix,test
atom/atom,https://github.com/atom/atom/commit/50f02495c0995ba84245f6156df200dbfe2875b9,intermittent,UI,fix,fix,test
jquery/jquery,https://github.com/jquery/jquery/commit/91fb18190e5ab9821e3c74b6aecbb5d197c6c5f6,flaky,browser,fix,fix,test
jquery/jquery,https://github.com/jquery/jquery/commit/2a600c13efd4c6367402ae51f1e9d819585eda7d,flaky,UI,disable,fix,test
jquery/jquery,https://github.com/jquery/jquery/commit/45b3a884d55ce6004f7cec3fd27b42198b147ceb,flaky,async wait,disable,fix,test
jquery/jquery,https://github.com/jquery/jquery/commit/f73b9479262e6cf8057f29ee74a962cb08c7830c,flakey,async wait,fix,fix,test
jquery/jquery,https://github.com/jquery/jquery/commit/3f5f5433d5ba8bcc1644c8bbb3c1038f97d454bf,fragile,browser,skip,fix,test
chartjs/Chart.js,https://github.com/chartjs/Chart.js/commit/9f32f0775a38088a829cad6e920989ee98e3c86d,flaky,browser,fix,fix,test
ElemeFE/element,https://github.com/ElemeFE/element/commit/c5cec198d29f1e9c18e37419ed7255c1f9b70330,flaky,UI,fix,fix,test
lodash/lodash,https://github.com/lodash/lodash/commit/3930c388e466ea4cc752f33896540ebc03e3de00,flaky,browser,fix,fix,test
lodash/lodash,https://github.com/lodash/lodash/commit/5be66e98c232a617983f9e6ed0dbf96379d96166,flakey,async wait,fix,fix,test
moment/moment,https://github.com/moment/moment/commit/5a990196f872ac3dbb520c1bda40d498fde1b3a6,flaky,time,fix,fix,test
moment/moment,https://github.com/moment/moment/commit/ee4d67470240f3464836136356a7b5ebe4099d2f,flaky,floating point operation,fix,fix,test
moment/moment,https://github.com/moment/moment/commit/a0857cd56fcec6de35d14456dc1db311e6011172,flaky,time,fix,fix,test
moment/moment,https://github.com/moment/moment/commit/99e7f9490774cb92ddbd506320de77665181ee98,flaky,time,fix,fix,test
moment/moment,https://github.com/moment/moment/commit/6a55b4b37aa4d01df8a87a3d28b3a486da07f559,fragile,time,fix,Fix,test
meteor/meteor,https://github.com/meteor/meteor/commit/41868fa16586d27a59eac07ec00578785421570a,flaky,os,fix,Fix,test
meteor/meteor,https://github.com/meteor/meteor/commit/2945c5045c688db0480c3ad3bc0e7d1eae058d60,flaky,async wait,fix,fix,test
meteor/meteor,https://github.com/meteor/meteor/commit/d287d36bac859391c66dd06d2bb0a191e4fd4688,flaky,async wait,improve,decrease,test
meteor/meteor,https://github.com/meteor/meteor/commit/e7308c8f84fdb2aa58300b700f4f314fa9efb879,flaky,async wait,improve,decrease,test
meteor/meteor,https://github.com/meteor/meteor/commit/498e5722300e20a015db96bbce447883e456fe39,flaky,async wait,improve,decrease,test
meteor/meteor,https://github.com/meteor/meteor/commit/dc33f7c7a3a94d0db4b838fe22c256c56b497351,flaky,async wait,improve,decrease,test
meteor/meteor,https://github.com/meteor/meteor/commit/779f942aa36f6c4f2892253961e48440705153b6,flaky,concurrency,improve,decrease,CUT/test
meteor/meteor,https://github.com/meteor/meteor/commit/87f22606ff19adc610eab93d30bb2a8e07a7b0a3,flaky,async wait,improve,decrease,test
meteor/meteor,https://github.com/meteor/meteor/commit/e5b5858203ab726d09086e707392c4e6aff6ab86,flaky,concurrency,fix,fix,test
meteor/meteor,https://github.com/meteor/meteor/commit/5ae7a0954dcb2086ce0086ddccc614affdab2dfe,flaky,environment,disable,fix,test
meteor/meteor,https://github.com/meteor/meteor/commit/c9ff7a55aa387a5a9ff306d7ec958d8fa7d3fbc5,flakey,concurrency,fix,fix,test
meteor/meteor,https://github.com/meteor/meteor/commit/5da7ebdfe724aa3a237b6462424d3a4aba9729aa,fragile,time,improve,decrease,test
meteor/meteor,https://github.com/meteor/meteor/commit/c9f0f5c0e0dd162c9d050a24bc7e076812aa8d5b,brittle,concurrency,fix,fix,test
meteor/meteor,https://github.com/meteor/meteor/commit/e9e7237e8f495d78b25f1b933c168e1392f962e0,brittle,UI,improve,decrease,test
meteor/meteor,https://github.com/meteor/meteor/commit/91f203999b8c43e5c778d5142d5a88b78538b675,brittle,concurrency,fix,fix,test
meteor/meteor,https://github.com/meteor/meteor/commit/476d6bf7b33a0640ee5bdd7a48154d3bf69fcca7,intermittent,async wait,fix,fix,test
meteor/meteor,https://github.com/meteor/meteor/commit/8991c8bb251e4dcfacb215bd43e701dc0b24acac,intermittent,concurrency,fix,fix,test
yarnpkg/yarn,https://github.com/yarnpkg/yarn/commit/9e97f50aea60f58042403ff503d757a732756d6a,flaky,concurrency,fix,fix,test
yarnpkg/yarn,https://github.com/yarnpkg/yarn/commit/ccf5812b9bbcc4931b9d32966f48a09e4448a8f0,flaky,test order,fix,fix,test
yarnpkg/yarn,https://github.com/yarnpkg/yarn/commit/0115ece56b9516af5d0ef75db2ceeb2253c3b1b4,flaky,network,fix,fix,test
yarnpkg/yarn,https://github.com/yarnpkg/yarn/commit/c5e2dc59fe0d7eb328c49c3f98d741cace40e6b9,flaky,test env,fix,Fix,test
yarnpkg/yarn,https://github.com/yarnpkg/yarn/commit/fb40251c5b10bf3b43eed2daaaab53a1aab86f31,non-deterministic test,concurrency,fix,fix,CUT
vuejs/vue,https://github.com/vuejs/vue/commit/bff55e609ee7a37d0a2df0c9cbfcf13fad897d14,intermittent,irrelevant,,,
vuejs/vue,https://github.com/vuejs/vue/commit/4be4b897a7d7dfe2bc939ae1d133d21fa1e0ee86,intermittent,irrelevant,,,
facebook/react,https://github.com/facebook/react/commit/00e38c80b28fd9b5e99b890d85e080edc2fcc49f,flaky,irrelevant,,,
facebook/react,https://github.com/facebook/react/commit/0960b7ba580b620202f7d245bb696aca71c63e37,flaky,irrelevant,,,
facebook/react,https://github.com/facebook/react/commit/69e732ac9d32ecb7251834af4209d46fff5d5102,flaky,irrelevant,,,
facebook/react,https://github.com/facebook/react/commit/48740429b4a74e984193e4e2d364d461e4fdc3be,fragile,irrelevant,,,
nodejs/node,https://github.com/nodejs/node/commit/54dd7c38e507b35ee0ffadc41a716f1782b0d32f,flaky,irrelevant,,,
nodejs/node,https://github.com/nodejs/node/commit/44574bc39b93c96d9bd15e79757cf2eec501ac3a,fragile,irrelevant,,,
nodejs/node,https://github.com/nodejs/node/commit/eed8b0525c4b824e6ee8ba2e2f883e91614967d9,non-deterministic test,irrelevant,,,
atom/atom,https://github.com/atom/atom/commit/5ac126e01b7b9ab9de5d8568baa52ffcf1d31cff,flaky,irrelevant,,,
meteor/meteor,https://github.com/meteor/meteor/commit/234827ba4496e7b8d7805c49d2bd478a807e015f,intermittent,irrelevant,,,
facebook/react,https://github.com/facebook/react/commit/634e41788aa38c54cc5715a840cfa5590c3f77a6,flaky,hard,,,
facebook/react,https://github.com/facebook/react/commit/6c66d38d2549d14a3775a6a0687be6375967d009,flaky,hard,,,
facebook/react,https://github.com/facebook/react/commit/bae6100ae8528fcbc7e6085e4c1d6759824fcb36,fragile,hard,,,
facebook/react,https://github.com/facebook/react/commit/3938ccc88aa3dcc5a4460474bda40af97dd6e234,fragile,hard,,,
facebook/react,https://github.com/facebook/react/commit/8de68c56f9fe9b9533d604853783be3e65a312fa,fragile,hard,,,
facebook/react,https://github.com/facebook/react/commit/a7dabcb60afa1ec4de29501f0b298565af47f9e3,fragile,hard,,,
facebook/react,https://github.com/facebook/react/commit/ab4951fc03750a726e412b90126e0737fbd04014,fragile,hard,,,
facebook/react,https://github.com/facebook/react/commit/2702281a130e8118b70fcd37f71d22b49f5fd837,fragile,hard,,,
facebook/react,https://github.com/facebook/react/commit/6a41ede2d426cea1cb29103305362383f4d10f4d,fragile,hard,,,
facebook/react,https://github.com/facebook/react/commit/1f74eca9937ad6f19b6291d21edfb8747bae88ca,fragile,hard,,,
facebook/react,https://github.com/facebook/react/commit/24f824250fde6418569222f6e33b35ba9c1f1f46,brittle,hard,,,
facebook/react,https://github.com/facebook/react/commit/d289d4b634749861199556e42174a3f4a3ce2b16,brittle,hard,,,
electron/electron,https://github.com/electron/electron/commit/cc6bcb6c81a3a7bf602574fa937ba4a0efeddc2a,flaky,hard,,,
electron/electron,https://github.com/electron/electron/commit/18362eb948ef91e002e286a835663fd6a3977048,brittle,hard,,,
nodejs/node,https://github.com/nodejs/node/commit/18e4f405b14b26f971d5f108b92224e7c1fe34c9,flaky,hard,,,
nodejs/node,https://github.com/nodejs/node/commit/8283373674baab4a55f45ba212d6e8e308ab5a65,flaky,hard,,,
nodejs/node,https://github.com/nodejs/node/commit/978bbf987c688d265a4b23b916d8647dea4d4c41,flaky,hard,,,
nodejs/node,https://github.com/nodejs/node/commit/8b05e32519109e84911f6c0549b4712416c89cc3,flaky,hard,,,
nodejs/node,https://github.com/nodejs/node/commit/ecc584251e162ae539858a8639d77aa25b041068,flaky,hard,,,
nodejs/node,https://github.com/nodejs/node/commit/b0b52b2023f5cd0df4ae921850815586b4313dca,flaky,hard,,,
nodejs/node,https://github.com/nodejs/node/commit/9949a2e1e3100c4ff1f228bac57c1af95cdc3e9d,flaky,hard,,,
nodejs/node,https://github.com/nodejs/node/commit/b0b268f5a247e2e6aabd63cab60cef291665201b,flaky,hard,,,
nodejs/node,https://github.com/nodejs/node/commit/a51436cbea0d216f260453321a15fdce72ee28d3,flaky,hard,,,
nodejs/node,https://github.com/nodejs/node/commit/15146e6f3743e3df5cff8fd04677fe38efc91c94,flaky,hard,,,
nodejs/node,https://github.com/nodejs/node/commit/65a5f7b65f7662715ccc0eb9a835b2dec3d73ce5,flaky,hard,,,
nodejs/node,https://github.com/nodejs/node/commit/627bcf7f275e266d8ec5c42bcedd68c188444ead,flaky,hard,,,
nodejs/node,https://github.com/nodejs/node/commit/28dcdb910844a554c1e5a5d8d4028ae3e6a134f5,flaky,hard,,,
nodejs/node,https://github.com/nodejs/node/commit/c678ecbca0c9d18d6578fa2a65c9a4ab2a569744,flaky,hard,,,
nodejs/node,https://github.com/nodejs/node/commit/1f29963eacf587817a6d40da527d05d151668198,flaky,hard,,,
nodejs/node,https://github.com/nodejs/node/commit/d362b07e78f69b52e90e026b7bb55065d6ffc484,flaky,hard,,,
nodejs/node,https://github.com/nodejs/node/commit/bad670c19dc29b7cdb42432f6d717ec5934aad7e,flaky,hard,,,
nodejs/node,https://github.com/nodejs/node/commit/94e36f1f3160fc318114496288aa11b7a4c6dd3a,flaky,hard,,,
nodejs/node,https://github.com/nodejs/node/commit/c043b82655546e959754c89cda8d7029a051a8a3,flaky,hard,,,
nodejs/node,https://github.com/nodejs/node/commit/eecea2e0e51db58dba00ccf36554c42cb814bae9,flaky,hard,,,
nodejs/node,https://github.com/nodejs/node/commit/09e9e2bd82d5b82747100ab9163ebadba4cb3972,flaky,hard,,,
nodejs/node,https://github.com/nodejs/node/commit/6c0c60c1f15e77f2919fd1b90172ebcca136b5fc,flaky,hard,,,
nodejs/node,https://github.com/nodejs/node/commit/b3e53673b96cacb3d9321c289cd7e3c59ce021b4,flaky,hard,,,
nodejs/node,https://github.com/nodejs/node/commit/b8f7f84fc233a5876b1d275fed63775bdbb7932f,flaky,hard,,,
nodejs/node,https://github.com/nodejs/node/commit/793d8719ebcb67e2758ba7fd6c50ff864d552716,flaky,hard,,,
nodejs/node,https://github.com/nodejs/node/commit/7926886bf322ec9c69ec20afa26edfad17a47e08,flaky,hard,,,
nodejs/node,https://github.com/nodejs/node/commit/079acccb563ba5b3888e40f59037dc5fa3ba5bbd,flaky,hard,,,
nodejs/node,https://github.com/nodejs/node/commit/2c926dc6eb60991ca13c75d7d675033e59461d77,flaky,hard,,,
nodejs/node,https://github.com/nodejs/node/commit/4dcdfaf9291a5d6a2ed25b5742151a0de562a4a1,flaky,hard,,,
nodejs/node,https://github.com/nodejs/node/commit/3e4f34cdb95bd05f84393ed8c0d3559edc90eb8f,flaky,hard,,,
nodejs/node,https://github.com/nodejs/node/commit/9b0f53d45af943fb4d1d788bafde4eb16f5e4000,flaky,hard,,,
nodejs/node,https://github.com/nodejs/node/commit/d1f7c965bb7eb541e345bf4079a5a168ee4f206a,flaky,hard,,,
nodejs/node,https://github.com/nodejs/node/commit/1b8fca16bca4053351f693244da2246ab9a6fb82,flaky,hard,,,
nodejs/node,https://github.com/nodejs/node/commit/fed0b2875458828fe4fa9bbb8bf3b9839becc8a5,flaky,hard,,,
nodejs/node,https://github.com/nodejs/node/commit/22c826f5aa3811e758686fd00a8fe15728f6fc37,flaky,hard,,,
nodejs/node,https://github.com/nodejs/node/commit/57bd27eda8ae0f540c14c8480128bca42b387314,fragile,hard,,,
nodejs/node,https://github.com/nodejs/node/commit/d9b59def72c718aaad3eefb6bf43f409ccefe4d2,fragile,hard,,,
nodejs/node,https://github.com/nodejs/node/commit/743a009bad64c4302a724f70c42d73601a16aed4,fragile,hard,,,
nodejs/node,https://github.com/nodejs/node/commit/200df8641b43902adc73cce6b89d3e84a91dd3e6,fragile,hard,,,
nodejs/node,https://github.com/nodejs/node/commit/e8500274e04bab2eb630b4000cbd35be8d23d3fd,brittle,hard,,,
nodejs/node,https://github.com/nodejs/node/commit/7e40c7ddc93f9260a3f4b1683ff6f86aff91e761,intermittent,hard,,,
nodejs/node,https://github.com/nodejs/node/commit/e435a0114d973231f44b10edbff583210e975510,intermittent,hard,,,
nodejs/node,https://github.com/nodejs/node/commit/1bda746c1bf8f875cebb3a8948a57bbc75189240,intermittent,hard,,,
nodejs/node,https://github.com/nodejs/node/commit/49c2372e684ee91c2791488aaa8caaecfcf64e11,intermittent,hard,,,
nodejs/node,https://github.com/nodejs/node/commit/5ef6000afdd16f1c3a1f56cf64502f1f02c57fb4,intermittent,hard,,,
nodejs/node,https://github.com/nodejs/node/commit/0912b8832050042fdf7098e6fecfae97c71b27de,non-deterministic test,hard,,,
nodejs/node,https://github.com/nodejs/node/commit/e3e56f1d71fd496c8a25d6b4b50e51d4a682d184,non-deterministic test,hard,,,
denoland/deno,https://github.com/denoland/deno/commit/b837fc300d5f31cf2628e81d59e388286493ce71,flaky,hard,,,
mui-org/material-ui,https://github.com/mui-org/material-ui/commit/fb3d0dc244ce6e05d4010a57a921b60935a1eb49,flaky,hard,,,
mui-org/material-ui,https://github.com/mui-org/material-ui/commit/f7ecce35edbdf78972a695209adc0f3b90efebbf,brittle,hard,,,
mui-org/material-ui,https://github.com/mui-org/material-ui/commit/8e2714bd534ea1f7239ed2a5bd2e2b9b9ba409b5,brittle,hard,,,
storybookjs/storybook,https://github.com/storybookjs/storybook/commit/f44bcb1fc247e973300318c2f2601b5501d983aa,flaky,hard,,,
storybookjs/storybook,https://github.com/storybookjs/storybook/commit/2bd338a62d21e645310a43e823dbee8264667ad9,flaky,hard,,,
storybookjs/storybook,https://github.com/storybookjs/storybook/commit/b06bec0d9be735c0680eae57e322be297b360213,flakey,hard,,,
atom/atom,https://github.com/atom/atom/commit/656facc989d7c49c412b6b586a44dfe70d1e065f,flaky,hard,,,
atom/atom,https://github.com/atom/atom/commit/42657780d51c357d693328393efebf922ccd7207,flaky,hard,,,
atom/atom,https://github.com/atom/atom/commit/f0257bcb0d3946f230fd63760a069d6a3ca25c7c,flaky,hard,,,
jquery/jquery,https://github.com/jquery/jquery/commit/7b0864d0539bbfbb01d88d9bc95369580ffd99bc,flaky,hard,,,
jquery/jquery,https://github.com/jquery/jquery/commit/4e8f0c935e8fada0a755d9749cd371b96b9589d6,flaky,hard,,,
jquery/jquery,https://github.com/jquery/jquery/commit/87bd130289c6ed9bfc355c1f8587ae6ce00a4776,flakey,hard,,,
meteor/meteor,https://github.com/meteor/meteor/commit/83d99bfbc6706ca8978ed287ee8703c5cbdb7bd2,flaky,hard,,,
meteor/meteor,https://github.com/meteor/meteor/commit/61b2d1710b2058bcc9fe076a80784b1cedb0dd6f,flaky,hard,,,
meteor/meteor,https://github.com/meteor/meteor/commit/a62d89519dbfb9e3ca7a1f0854cfd14edca09c6d,flaky,hard,,,
meteor/meteor,https://github.com/meteor/meteor/commit/1a56f3c55d78f0276bc13bbd412c15c94e30db24,flaky,hard,,,
meteor/meteor,https://github.com/meteor/meteor/commit/d9093d6cf8933f26c47260968cb2846af78fe646,flaky,hard,,,
meteor/meteor,https://github.com/meteor/meteor/commit/7786b4ff2959a97374a16f93f53b37002c9eb89b,flaky,hard,,,
meteor/meteor,https://github.com/meteor/meteor/commit/2eb2f426e5cf16a86e9fe46171b09e76d491cff9,flaky,hard,,,
meteor/meteor,https://github.com/meteor/meteor/commit/83e9e68e2bd0dfff3ddfc3124d01bd3873377263,flaky,hard,,,
meteor/meteor,https://github.com/meteor/meteor/commit/aad875d303868b3b28122df0d4ad4001289579fa,flaky,hard,,,
meteor/meteor,https://github.com/meteor/meteor/commit/da96352c6588e010e78107a61ae2fb439a624abd,flaky,hard,,,
meteor/meteor,https://github.com/meteor/meteor/commit/35386e49dd503ca8add096a5d2439d9fa1d1e402,flaky,hard,,,
meteor/meteor,https://github.com/meteor/meteor/commit/f207371bc07b1238da2ebf0dc1aa1b892088bc74,flaky,hard,,,
meteor/meteor,https://github.com/meteor/meteor/commit/029611ec6d1618f26dddbfda6c4510918497c0af,intermittent,hard,,,
meteor/meteor,https://github.com/meteor/meteor/commit/7bb90a3350b7cdaa716030fb62f6689195373d90,intermittent,hard,,,
meteor/meteor,https://github.com/meteor/meteor/commit/acaf998b138ba51b573225cdd07cb90f03823f8a,intermittent,hard,,,
meteor/meteor,https://github.com/meteor/meteor/commit/96d8d866384054f8433d80657b1cc2e78ba04ecd,intermittent,hard,,,
meteor/meteor,https://github.com/meteor/meteor/commit/8e62f31ef1c649019e460c66c1319b0aa9de22ba,intermittent,hard,,,
yarnpkg/yarn,https://github.com/yarnpkg/yarn/commit/ba8df982568b495329cce43a5b914ec816d601b8,flaky,hard,,,
yarnpkg/yarn,https://github.com/yarnpkg/yarn/commit/263c7598f16738b3bc122c892750f6081272e81a,flaky,hard,,,
yarnpkg/yarn,https://github.com/yarnpkg/yarn/commit/45af6562c22652404993fb1d77616fadf3e5eff2,flaky,hard,,,
facebook/react,https://github.com/facebook/react/commit/47ae8654281874b7e30859876bc05d984d3b8d68,flaky,duplicated,,,
electron/electron,https://github.com/electron/electron/commit/828e3173609b7386a4c2cb07a666fd748b456e18,flaky,duplicated,,,
storybookjs/storybook,https://github.com/storybookjs/storybook/commit/8d135069690f5552ad62aa33c21c1662706f1cc7,flaky,duplicated,,,
storybookjs/storybook,https://github.com/storybookjs/storybook/commit/77c6129853d833f2ae44f1e9ca22fde8e9a8da8a,flaky,duplicated,,,
atom/atom,https://github.com/atom/atom/commit/dd40782166f95b5179b67cf8d0aa814e519616fd,flaky,duplicated,,,
atom/atom,https://github.com/atom/atom/commit/d4d14a402cfa5001e7267e5314e229d316ab2f41,flaky,duplicated,,,
atom/atom,https://github.com/atom/atom/commit/44cad8f586c7794f3af2faa8264306c5c27bf709,flaky,duplicated,,,
atom/atom,https://github.com/atom/atom/commit/3f2309522aed772be72698a26124ac31b324c425,flaky,duplicated,,,
atom/atom,https://github.com/atom/atom/commit/45037c950a97652f8bf877a30b5a4601364a7cc1,flakey,duplicated,,,
moment/moment,https://github.com/moment/moment/commit/3eecad86af8d42896f54adb3a7768c7a94ab2fea,flaky,duplicated,,,
moment/moment,https://github.com/moment/moment/commit/353830d66032244f4e78f426898ba157ce1c6c14,flaky,duplicated,,,
moment/moment,https://github.com/moment/moment/commit/a6c7bcdbf59c1a2dee0f5cb0f9aa846bc11865a4,fragile,duplicated,,,
meteor/meteor,https://github.com/meteor/meteor/commit/d41ee867d1f3f889bac501662fbe00f2768ef426,flaky,duplicated,,,
meteor/meteor,https://github.com/meteor/meteor/commit/0aa9af3dfc6460291bbb37f5f39408cacd09be61,flaky,duplicated,,,
meteor/meteor,https://github.com/meteor/meteor/commit/82626d59b313a4e4f698e62b25d6f74223ced6da,flaky,duplicated,,,
meteor/meteor,https://github.com/meteor/meteor/commit/2032ba8b23020758fef43c78de83a36230da2c36,flaky,duplicated,,,
meteor/meteor,https://github.com/meteor/meteor/commit/adc6d9969cd42e2871879bef3cb2c1640a6b6c1e,flaky,duplicated,,,
meteor/meteor,https://github.com/meteor/meteor/commit/cac0c89492e7b1a0023db8d33b8306a2dfcf06bc,intermittent,duplicated,,,
